기준_년분기_코드,행정동_코드,행정동_코드_명,집객시설_수,관공서_수,은행_수,종합병원_수,일반_병원_수,약국_수,유치원_수,초등학교_수,중학교_수,고등학교_수,대학교_수,백화점_수,슈퍼마켓_수,극장_수,숙박_시설_수,공항_수,철도_역_수,버스_터미널_수,지하철_역_수,버스_정거장_수
20233,11290650,정릉4동,133,7,3,,,12,2,1,,2,11,,,,,,,,1,40
20233,11110515,청운효자동,93,6,3,,,4,1,1,2,2,8,,,,,,,,,26
20231,11200720,송정동,44,2,,,1,5,,1,,,,,,,,,,,,17
20231,11260550,면목5동,42,2,1,,,3,,,,,,,4,,,,,,,13
20233,11110530,사직동,206,18,24,,,15,,1,,1,1,,,3,,,,,2,34
20231,11440690,망원1동,95,2,2,,,11,,,,,,,,,1,,,,,23
20233,11110540,삼청동,49,10,4,,1,1,,,1,1,2,,,,,,,,,16
20233,11110550,부암동,84,4,2,,,1,1,2,1,1,14,,,,,,,,,38
20233,11110560,평창동,162,6,2,,1,5,1,,,1,2,,,,,,,,,91
20233,11110570,무악동,42,2,1,1,,4,1,1,,,,,,,,,,,1,7
20233,11110580,교남동,78,4,3,2,,17,,,,1,1,,,,,,,,,26
20233,11110600,가회동,63,5,3,,,1,1,1,1,2,1,,,,,,,,,22
20233,11110615,종로1?2?3?4가동,500,19,35,,,47,1,2,,,4,,1,5,17,,,,5,72
20233,11110630,종로5?6가동,212,7,8,,,31,,1,,,1,,4,,3,,,,1,23
20233,11110640,이화동,119,4,4,1,,11,,,2,,37,,,,,,,,1,28
20233,11110650,혜화동,145,6,5,,,16,3,1,1,4,26,,,1,,,,,,36
20233,11110670,창신1동,111,3,4,,,9,,2,,,,,1,,7,,,,2,11
20233,11110680,창신2동,38,2,1,,,5,,,,,,,,,,,,,,
20233,11110690,창신3동,24,3,,,,1,,1,,1,,,,,,,,,1,5
20233,11110700,숭인1동,43,3,1,,,3,1,,,,,,,,,,,,,14
20231,11110710,숭인2동,89,4,3,,1,4,,,,,,,2,,3,,,,2,6
20232,11110710,숭인2동,89,4,3,,1,4,,,,,,,2,,3,,,,2,6
20231,11110515,청운효자동,93,6,3,,,4,1,1,2,2,8,,,,,,,,,26
20232,11110515,청운효자동,93,6,3,,,4,1,1,2,2,8,,,,,,,,,26
20232,11110530,사직동,206,18,24,,,15,,1,,1,1,,,3,,,,,2,34
20231,11110540,삼청동,49,10,4,,1,1,,,1,1,2,,,,,,,,,16
20232,11110540,삼청동,49,10,4,,1,1,,,1,1,2,,,,,,,,,16
20231,11110550,부암동,84,4,2,,,1,1,2,1,1,14,,,,,,,,,38
20232,11110550,부암동,84,4,2,,,1,1,2,1,1,14,,,,,,,,,38
20231,11110560,평창동,162,6,2,,1,5,1,,,1,2,,,,,,,,,91
20232,11110560,평창동,162,6,2,,1,5,1,,,1,2,,,,,,,,,91
20231,11110570,무악동,42,2,1,1,,4,1,1,,,,,,,,,,,1,7
20232,11110570,무악동,42,2,1,1,,4,1,1,,,,,,,,,,,1,7
20231,11110580,교남동,78,4,3,2,,17,,,,1,1,,,,,,,,,26
20232,11110580,교남동,78,4,3,2,,17,,,,1,1,,,,,,,,,26
20231,11110600,가회동,63,5,3,,,1,1,1,1,2,1,,,,,,,,,22
20232,11110600,가회동,63,5,3,,,1,1,1,1,2,1,,,,,,,,,22
20231,11110615,종로1?2?3?4가동,500,19,35,,,47,1,2,,,4,,1,5,17,,,,5,72
20232,11110615,종로1?2?3?4가동,500,19,35,,,47,1,2,,,4,,1,5,17,,,,5,72
20231,11110630,종로5?6가동,212,7,8,,,31,,1,,,1,,4,,3,,,,1,23
20232,11110630,종로5?6가동,212,7,8,,,31,,1,,,1,,4,,3,,,,1,23
20231,11110640,이화동,119,4,4,1,,11,,,2,,37,,,,,,,,1,28
20232,11110640,이화동,119,4,4,1,,11,,,2,,37,,,,,,,,1,28
20231,11110650,혜화동,145,6,5,,,16,3,1,1,4,26,,,1,,,,,,36
20232,11110650,혜화동,145,6,5,,,16,3,1,1,4,26,,,1,,,,,,36
20231,11110670,창신1동,111,3,4,,,9,,2,,,,,1,,7,,,,2,11
20232,11110670,창신1동,111,3,4,,,9,,2,,,,,1,,7,,,,2,11
20231,11110690,창신3동,24,3,,,,1,,1,,1,,,,,,,,,1,5
20232,11110690,창신3동,24,3,,,,1,,1,,1,,,,,,,,,1,5
20231,11110700,숭인1동,43,3,1,,,3,1,,,,,,,,,,,,,14
20232,11110700,숭인1동,43,3,1,,,3,1,,,,,,,,,,,,,14
20233,11110710,숭인2동,89,4,3,,1,4,,,,,,,2,,3,,,,2,6
20231,11140520,소공동,231,13,29,,,10,,1,4,3,,1,,3,3,,,,3,37
20232,11140520,소공동,231,13,29,,,10,,1,4,3,,1,,3,3,,,,3,37
20233,11140520,소공동,231,13,29,,,10,,1,4,3,,1,,3,3,,,,3,37
20231,11140540,회현동,211,9,17,,,16,1,,,,2,,2,1,2,,,,6,35
20232,11140540,회현동,211,9,17,,,16,1,,,,2,,2,1,2,,,,6,35
20233,11140540,회현동,211,9,17,,,16,1,,,,2,,2,1,2,,,,6,35
20231,11140550,명동,542,20,46,,,35,,1,,,4,,,3,12,,,,1,29
20232,11140550,명동,542,20,46,,,35,,1,,,4,,,3,12,,,,1,29
20233,11140550,명동,542,20,46,,,35,,1,,,4,,,3,12,,,,1,29
20231,11140570,필동,123,6,9,1,,7,,2,,1,19,,,2,1,,,,2,15
20232,11140570,필동,123,6,9,1,,7,,2,,1,19,,,2,1,,,,2,15
20233,11140570,필동,123,6,9,1,,7,,2,,1,19,,,2,1,,,,2,15
20231,11140580,장충동,63,6,2,,,1,,1,,,3,,,1,2,,,,1,13
20232,11140580,장충동,63,6,2,,,1,,1,,,3,,,1,2,,,,1,13
20233,11140580,장충동,63,6,2,,,1,,1,,,3,,,1,2,,,,1,13
20231,11140590,광희동,185,3,16,1,,14,,,1,,,,1,3,11,,,,3,19
20232,11140590,광희동,185,3,16,1,,14,,,1,,,,1,3,11,,,,3,19
20233,11140590,광희동,185,3,16,1,,14,,,1,,,,1,3,11,,,,3,19
20231,11140605,을지로동,145,5,10,,,13,,,,,,,1,2,3,,,,4,20
20232,11140605,을지로동,145,5,10,,,13,,,,,,,1,2,3,,,,4,20
20233,11140605,을지로동,145,5,10,,,13,,,,,,,1,2,3,,,,4,20
20231,11140615,신당동,99,7,5,,1,12,,1,1,3,,,3,,1,,,,2,8
20232,11140615,신당동,99,7,5,,1,12,,1,1,3,,,3,,1,,,,2,8
20233,11140615,신당동,99,7,5,,1,12,,1,1,3,,,3,,1,,,,2,8
20231,11140625,다산동,86,3,4,,1,9,,1,1,1,,,,,1,,,,1,7
20232,11140625,다산동,86,3,4,,1,9,,1,1,1,,,,,1,,,,1,7
20233,11140625,다산동,86,3,4,,1,9,,1,1,1,,,,,1,,,,1,7
20231,11140635,약수동,87,4,2,,1,12,2,,,,,,,,,,,,2,12
20232,11140635,약수동,87,4,2,,1,12,2,,,,,,,,,,,,2,12
20233,11140635,약수동,87,4,2,,1,12,2,,,,,,,,,,,,2,12
20231,11140645,청구동,34,2,,,,3,1,2,1,1,,,,,,,,,,5
20232,11140645,청구동,34,2,,,,3,1,2,1,1,,,,,,,,,,5
20233,11140645,청구동,34,2,,,,3,1,2,1,1,,,,,,,,,,5
20231,11140650,신당5동,65,4,2,,,5,,1,,2,,,,,,,,,,12
20232,11140650,신당5동,65,4,2,,,5,,1,,2,,,,,,,,,,12
20233,11140650,신당5동,65,4,2,,,5,,1,,2,,,,,,,,,,12
20231,11140665,동화동,47,3,1,,,5,,1,1,,,,,,,,,,2,4
20232,11140665,동화동,47,3,1,,,5,,1,1,,,,,,,,,,2,4
20233,11140665,동화동,47,3,1,,,5,,1,1,,,,,,,,,,2,4
20231,11140670,황학동,76,1,6,,,10,,,,,,,,,7,,,,,6
20232,11140670,황학동,76,1,6,,,10,,,,,,,,,7,,,,,6
20233,11140670,황학동,76,1,6,,,10,,,,,,,,,7,,,,,6
20231,11140680,중림동,77,3,2,,,7,,1,,2,1,,,,5,,,,,14
20232,11140680,중림동,77,3,2,,,7,,1,,2,1,,,,5,,,,,14
20233,11140680,중림동,77,3,2,,,7,,1,,2,1,,,,5,,,,,14
20231,11290575,동선동,146,1,4,,1,13,1,2,2,1,12,,,1,,,,,1,19
20232,11290575,동선동,146,1,4,,1,13,1,2,2,1,12,,,1,,,,,1,19
20233,11290575,동선동,146,1,4,,1,13,1,2,2,1,12,,,1,,,,,1,19
20231,11290580,돈암1동,42,1,,,,2,2,2,2,1,,,,,,,,,,15
20232,11290580,돈암1동,42,1,,,,2,2,2,2,1,,,,,,,,,,15
20233,11290580,돈암1동,42,1,,,,2,2,2,2,1,,,,,,,,,,15
20231,11290590,돈암2동,88,4,2,,,4,6,1,,,,,,1,,,,,,38
20232,11290590,돈암2동,88,4,2,,,4,6,1,,,,,,1,,,,,,38
20233,11290590,돈암2동,88,4,2,,,4,6,1,,,,,,1,,,,,,38
20231,11290600,안암동,167,4,6,1,1,10,,1,1,1,71,,,,,,,,1,35
20232,11290600,안암동,167,4,6,1,1,10,,1,1,1,71,,,,,,,,1,35
20233,11290600,안암동,167,4,6,1,1,10,,1,1,1,71,,,,,,,,1,35
20231,11290610,보문동,77,4,4,,,6,,2,,,,,,,1,,,,2,10
20232,11290610,보문동,77,4,4,,,6,,2,,,,,,,1,,,,2,10
20233,11290610,보문동,77,4,4,,,6,,2,,,,,,,1,,,,2,10
20231,11290620,정릉1동,63,2,,,,6,2,,,,1,,,,,,,,,19
20233,11290620,정릉1동,63,2,,,,6,2,,,,1,,,,,,,,,19
20231,11290630,정릉2동,110,4,3,,,6,1,2,,,,,,,,,,,1,50
20232,11290630,정릉2동,110,4,3,,,6,1,2,,,,,,,,,,,1,50
20233,11290630,정릉2동,110,4,3,,,6,1,2,,,,,,,,,,,1,50
20231,11290640,정릉3동,124,4,1,,,2,,1,3,1,28,,,,,,,,,38
20232,11290640,정릉3동,124,4,1,,,2,,1,3,1,28,,,,,,,,,38
20233,11290640,정릉3동,124,4,1,,,2,,1,3,1,28,,,,,,,,,38
20231,11290650,정릉4동,133,7,3,,,12,2,1,,2,11,,,,,,,,1,40
20232,11290650,정릉4동,133,7,3,,,12,2,1,,2,11,,,,,,,,1,40
20231,11290660,길음1동,129,3,4,,,10,2,3,1,1,,,1,,,,,,1,26
20232,11290660,길음1동,129,3,4,,,10,2,3,1,1,,,1,,,,,,1,26
20233,11290660,길음1동,129,3,4,,,10,2,3,1,1,,,1,,,,,,1,26
20231,11290685,길음2동,112,5,,,3,14,,,,,,,,,,,,,,23
20233,11290685,길음2동,112,5,,,3,14,,,,,,,,,,,,,,23
20231,11290705,종암동,189,7,2,,1,17,3,2,2,1,2,,,,,,,,,56
20232,11290705,종암동,189,7,2,,1,17,3,2,2,1,2,,,,,,,,,56
20233,11290705,종암동,189,7,2,,1,17,3,2,2,1,2,,,,,,,,,56
20231,11290715,월곡1동,108,2,3,,,10,,2,1,1,,,,,1,,,,,30
20232,11290715,월곡1동,108,2,3,,,10,,2,1,1,,,,,1,,,,,30
20233,11290715,월곡1동,108,2,3,,,10,,2,1,1,,,,,1,,,,,30
20231,11290725,월곡2동,135,6,4,,,12,2,,1,,12,,,,,,,,2,34
20233,11290725,월곡2동,135,6,4,,,12,2,,1,,12,,,,,,,,2,34
20231,11290760,장위1동,103,4,1,,,8,6,1,1,,,,,,,,,,,37
20232,11290760,장위1동,103,4,1,,,8,6,1,1,,,,,,,,,,,37
20233,11290760,장위1동,103,4,1,,,8,6,1,1,,,,,,,,,,,37
20231,11290770,장위2동,89,3,2,,,11,1,3,,,,,,,,,,,1,27
20233,11290770,장위2동,89,3,2,,,11,1,3,,,,,,,,,,,1,27
20231,11290780,장위3동,82,1,,,,5,1,2,1,,1,,1,,,,,,,39
20232,11290780,장위3동,82,1,,,,5,1,2,1,,1,,1,,,,,,,39
20233,11290780,장위3동,82,1,,,,5,1,2,1,,1,,1,,,,,,,39
20231,11290810,석관동,154,6,3,,,16,2,2,1,1,,,1,,2,,,,2,32
20232,11290810,석관동,154,6,3,,,16,2,2,1,1,,,1,,2,,,,2,32
20233,11290810,석관동,154,6,3,,,16,2,2,1,1,,,1,,2,,,,2,32
20231,11305534,삼양동,165,4,1,,,14,3,2,,1,,,,,,,,,3,34
20232,11305534,삼양동,165,4,1,,,14,3,2,,1,,,,,,,,,3,34
20233,11305534,삼양동,165,4,1,,,14,3,2,,1,,,,,,,,,3,34
20231,11305535,미아동,144,3,3,,1,14,,,,1,4,,,,,,,,1,28
20232,11305535,미아동,144,3,3,,1,14,,,,1,4,,,,,,,,1,28
20233,11305535,미아동,144,3,3,,1,14,,,,1,4,,,,,,,,1,28
20231,11305545,송중동,212,4,1,,2,18,4,2,,1,2,1,,1,,,,,,69
20232,11305545,송중동,212,4,1,,2,18,4,2,,1,2,1,,1,,,,,,69
20233,11305545,송중동,212,4,1,,2,18,4,2,,1,2,1,,1,,,,,,69
20231,11305555,송천동,164,9,5,,1,17,,1,2,2,,,2,,,,,,1,24
20232,11305555,송천동,164,9,5,,1,17,,1,2,2,,,2,,,,,,1,24
20233,11305555,송천동,164,9,5,,1,17,,1,2,2,,,2,,,,,,1,24
20231,11305575,삼각산동,114,2,1,,,9,1,,1,1,1,,,,,,,,,36
20232,11305575,삼각산동,114,2,1,,,9,1,,1,1,1,,,,,,,,,36
20233,11305575,삼각산동,114,2,1,,,9,1,,1,1,1,,,,,,,,,36
20231,11305595,번1동,136,3,3,,1,14,1,1,1,,,,,1,,,,,,30
20232,11305595,번1동,136,3,3,,1,14,1,1,1,,,,,1,,,,,,30
20233,11305595,번1동,136,3,3,,1,14,1,1,1,,,,,1,,,,,,30
20231,11305603,번2동,110,5,,,,7,1,,1,,,,,,1,,,,,54
20232,11305603,번2동,110,5,,,,7,1,,1,,,,,,1,,,,,54
20233,11305603,번2동,110,5,,,,7,1,,1,,,,,,1,,,,,54
20231,11305608,번3동,95,3,1,,,8,,2,,,,,,,,,,,,37
20232,11305608,번3동,95,3,1,,,8,,2,,,,,,,,,,,,37
20233,11305608,번3동,95,3,1,,,8,,2,,,,,,,,,,,,37
20231,11215840,자양3동,105,2,6,,,8,2,2,1,1,1,1,,1,,,,,,30
20232,11215840,자양3동,105,2,6,,,8,2,2,1,1,1,1,,1,,,,,,30
20233,11215840,자양3동,105,2,6,,,8,2,2,1,1,1,1,,1,,,,,,30
20231,11215847,자양4동,106,5,2,,1,15,1,,1,,,,1,1,,,,,1,16
20232,11215847,자양4동,106,5,2,,1,15,1,,1,,,,1,1,,,,,1,16
20233,11215847,자양4동,106,5,2,,1,15,1,,1,,,,1,1,,,,,1,16
20231,11215850,구의1동,77,2,4,,,9,1,,1,1,,,,,,,,,1,16
20233,11215850,구의1동,77,2,4,,,9,1,,1,1,,,,,,,,,1,16
20231,11215860,구의2동,112,3,2,,1,9,3,2,,,1,,,,,,,,1,24
20232,11215860,구의2동,112,3,2,,1,9,3,2,,,1,,,,,,,,1,24
20233,11215860,구의2동,112,3,2,,1,9,3,2,,,1,,,,,,,,1,24
20231,11215870,구의3동,133,5,4,,,16,2,1,,,,,1,1,,,,1,1,25
20232,11215870,구의3동,133,5,4,,,16,2,1,,,,,1,1,,,,1,1,25
20233,11215870,구의3동,133,5,4,,,16,2,1,,,,,1,1,,,,1,1,25
20231,11230536,용신동,231,10,8,1,4,20,1,1,1,1,,,1,,5,,,,5,41
20232,11230536,용신동,231,10,8,1,4,20,1,1,1,1,,,1,,5,,,,5,41
20233,11230536,용신동,231,10,8,1,4,20,1,1,1,1,,,1,,5,,,,5,41
20231,11230545,제기동,288,4,5,,1,22,2,2,2,1,1,,3,,14,,,,1,30
20233,11230545,제기동,288,4,5,,1,22,2,2,2,1,1,,3,,14,,,,1,30
20231,11230560,전농1동,152,5,2,,1,13,3,1,1,1,,,,1,5,,,,3,35
20232,11230560,전농1동,152,5,2,,1,13,3,1,1,1,,,,1,5,,,,3,35
20233,11230560,전농1동,152,5,2,,1,13,3,1,1,1,,,,1,5,,,,3,35
20231,11230570,전농2동,102,2,2,,,12,3,3,2,1,27,,,,,,,,,15
20232,11230570,전농2동,102,2,2,,,12,3,3,2,1,27,,,,,,,,,15
20233,11230570,전농2동,102,2,2,,,12,3,3,2,1,27,,,,,,,,,15
20231,11230600,답십리1동,124,4,5,,,9,,2,1,,,,,,,,,,,25
20232,11230600,답십리1동,124,4,5,,,9,,2,1,,,,,,,,,,,25
20233,11230600,답십리1동,124,4,5,,,9,,2,1,,,,,,,,,,,25
20231,11230610,답십리2동,108,3,2,,2,13,3,1,,,,,3,,,,,,,19
20233,11230610,답십리2동,108,3,2,,2,13,3,1,,,,,3,,,,,,,19
20231,11230650,장안1동,192,5,11,,4,26,2,2,2,,,,,,,,,,1,43
20233,11230650,장안1동,192,5,11,,4,26,2,2,2,,,,,,,,,,1,43
20231,11230660,장안2동,168,3,2,,2,21,1,2,,1,1,,,1,1,,,,,38
20232,11230660,장안2동,168,3,2,,2,21,1,2,,1,1,,,1,1,,,,,38
20233,11230660,장안2동,168,3,2,,2,21,1,2,,1,1,,,1,1,,,,,38
20231,11230705,청량리동,154,9,4,1,,16,2,1,1,1,1,,,,2,,,,,34
20232,11230705,청량리동,154,9,4,1,,16,2,1,1,1,1,,,,2,,,,,34
20233,11230705,청량리동,154,9,4,1,,16,2,1,1,1,1,,,,2,,,,,34
20231,11305615,수유1동,153,4,2,,,12,,2,3,1,,,1,,,,,,1,40
20232,11305615,수유1동,153,4,2,,,12,,2,3,1,,,1,,,,,,1,40
20233,11305615,수유1동,153,4,2,,,12,,2,3,1,,,1,,,,,,1,40
20231,11305625,수유2동,85,3,,,,12,3,,,,,,,,,,,,1,15
20232,11305625,수유2동,85,3,,,,12,3,,,,,,,,,,,,1,15
20233,11305625,수유2동,85,3,,,,12,3,,,,,,,,,,,,1,15
20231,11305635,수유3동,158,4,6,,1,16,,,1,,,,,1,,,,,1,30
20232,11305635,수유3동,158,4,6,,1,16,,,1,,,,,1,,,,,1,30
20233,11305635,수유3동,158,4,6,,1,16,,,1,,,,,1,,,,,1,30
20231,11305645,우이동,132,2,,,,7,1,,1,,2,,,,,,,,3,54
20232,11305645,우이동,132,2,,,,7,1,,1,,2,,,,,,,,3,54
20233,11305645,우이동,132,2,,,,7,1,,1,,2,,,,,,,,3,54
20231,11305660,인수동,175,13,2,1,2,14,2,2,2,,5,,1,,,,,,,57
20233,11305660,인수동,175,13,2,1,2,14,2,2,2,,5,,1,,,,,,,57
20231,11320511,창1동,94,3,2,,,7,1,1,2,1,,,,,,,,,1,28
20232,11320511,창1동,94,3,2,,,7,1,1,2,1,,,,,,,,,1,28
20233,11320511,창1동,94,3,2,,,7,1,1,2,1,,,,,,,,,1,28
20231,11170510,후암동,80,6,1,,,7,1,2,,1,,,2,,,,,,,18
20232,11170510,후암동,80,6,1,,,7,1,2,,1,,,2,,,,,,,18
20233,11170510,후암동,80,6,1,,,7,1,2,,1,,,2,,,,,,,18
20231,11170520,용산2가동,63,3,,,,4,,1,2,2,,,,,,,,,1,29
20232,11170520,용산2가동,63,3,,,,4,,1,2,2,,,,,,,,,1,29
20233,11170520,용산2가동,63,3,,,,4,,1,2,2,,,,,,,,,1,29
20231,11170530,남영동,147,7,5,,,14,,,1,,,,,,12,,,,3,26
20232,11170530,남영동,147,7,5,,,14,,,1,,,,,,12,,,,3,26
20233,11170530,남영동,147,7,5,,,14,,,1,,,,,,12,,,,3,26
20231,11170555,청파동,128,7,2,,1,11,,2,2,4,22,,1,,1,,,,,35
20233,11170555,청파동,128,7,2,,1,11,,2,2,4,22,,1,,1,,,,,35
20231,11170560,원효로1동,94,6,3,,,6,1,1,,,3,,4,,,,,,,31
20232,11170560,원효로1동,94,6,3,,,6,1,1,,,3,,4,,,,,,,31
20233,11170560,원효로1동,94,6,3,,,6,1,1,,,3,,4,,,,,,,31
20231,11170570,원효로2동,69,4,2,,,4,2,1,1,1,,,2,,,,,,,27
20232,11170570,원효로2동,69,4,2,,,4,2,1,1,1,,,2,,,,,,,27
20233,11170570,원효로2동,69,4,2,,,4,2,1,1,1,,,2,,,,,,,27
20231,11170580,효창동,66,1,1,,,5,,1,,1,1,,,,,,,,2,22
20232,11170580,효창동,66,1,1,,,5,,1,,1,1,,,,,,,,2,22
20233,11170580,효창동,66,1,1,,,5,,1,,1,1,,,,,,,,2,22
20231,11170590,용문동,54,1,,,,3,,,,,,,,,,,,,,22
20232,11170590,용문동,54,1,,,,3,,,,,,,,,,,,,,22
20233,11170590,용문동,54,1,,,,3,,,,,,,,,,,,,,22
20231,11170625,한강로동,242,19,19,,,21,,2,,1,,,5,3,2,,,,7,41
20232,11170625,한강로동,242,19,19,,,21,,2,,1,,,5,3,2,,,,7,41
20233,11170625,한강로동,242,19,19,,,21,,2,,1,,,5,3,2,,,,7,41
20231,11170630,이촌1동,102,4,9,,1,12,2,1,1,1,,,1,,,,,,,14
20232,11170630,이촌1동,102,4,9,,1,12,2,1,1,1,,,1,,,,,,,14
20233,11170630,이촌1동,102,4,9,,1,12,2,1,1,1,,,1,,,,,,,14
20231,11170640,이촌2동,26,2,,,,1,,,,,,,,,,,,,,11
20232,11170640,이촌2동,26,2,,,,1,,,,,,,,,,,,,,11
20233,11170640,이촌2동,26,2,,,,1,,,,,,,,,,,,,,11
20231,11170650,이태원1동,71,8,5,,,3,,1,,,,,3,,,,,,1,14
20232,11170650,이태원1동,71,8,5,,,3,,1,,,,,3,,,,,,1,14
20233,11170650,이태원1동,71,8,5,,,3,,1,,,,,3,,,,,,1,14
20231,11170660,이태원2동,60,8,5,,,3,1,1,,1,,,,,,,,,,22
20232,11170660,이태원2동,60,8,5,,,3,1,1,,1,,,,,,,,,,22
20233,11170660,이태원2동,60,8,5,,,3,1,1,,1,,,,,,,,,,22
20231,11170685,한남동,171,30,11,1,,13,3,1,,,,,3,,,,,,2,36
20232,11170685,한남동,171,30,11,1,,13,3,1,,,,,3,,,,,,2,36
20233,11170685,한남동,171,30,11,1,,13,3,1,,,,,3,,,,,,2,36
20231,11170690,서빙고동,61,15,1,,,1,,1,1,,,,,,,,,,1,21
20232,11170690,서빙고동,61,15,1,,,1,,1,1,,,,,,,,,,1,21
20233,11170690,서빙고동,61,15,1,,,1,,1,1,,,,,,,,,,1,21
20231,11170700,보광동,70,4,1,,,8,1,,1,1,6,,,,,,,,,14
20232,11170700,보광동,70,4,1,,,8,1,,1,1,6,,,,,,,,,14
20233,11170700,보광동,70,4,1,,,8,1,,1,1,6,,,,,,,,,14
20231,11200520,왕십리2동,63,2,,,,5,1,1,,,,,,,,,,,1,18
20232,11200520,왕십리2동,63,2,,,,5,1,1,,,,,,,,,,,1,18
20233,11200520,왕십리2동,63,2,,,,5,1,1,,,,,,,,,,,1,18
20231,11200535,왕십리도선동,189,4,4,,2,20,2,2,,2,,,,,,,,,,26
20232,11200535,왕십리도선동,189,4,4,,2,20,2,2,,2,,,,,,,,,,26
20233,11200535,왕십리도선동,189,4,4,,2,20,2,2,,2,,,,,,,,,,26
20231,11200540,마장동,111,6,5,,,8,2,2,2,,,,,,,,,,1,29
20232,11200540,마장동,111,6,5,,,8,2,2,2,,,,,,,,,,1,29
20233,11200540,마장동,111,6,5,,,8,2,2,2,,,,,,,,,,1,29
20231,11200550,사근동,128,5,3,1,,10,,2,1,2,52,,1,,,,,,2,34
20232,11200550,사근동,128,5,3,1,,10,,2,1,2,52,,1,,,,,,2,34
20233,11200550,사근동,128,5,3,1,,10,,2,1,2,52,,1,,,,,,2,34
20231,11200560,행당1동,130,9,4,,2,13,1,1,,,,,1,1,,,,,4,30
20232,11200560,행당1동,130,9,4,,2,13,1,1,,,,,1,1,,,,,4,30
20233,11200560,행당1동,130,9,4,,2,13,1,1,,,,,1,1,,,,,4,30
20231,11200570,행당2동,79,2,2,,,4,1,1,1,1,,,,,,,,,1,24
20232,11200570,행당2동,79,2,2,,,4,1,1,1,1,,,,,,,,,1,24
20233,11200570,행당2동,79,2,2,,,4,1,1,1,1,,,,,,,,,1,24
20231,11200580,응봉동,56,3,,,,2,,1,1,,,,,,,,,,1,30
20232,11200580,응봉동,56,3,,,,2,,1,1,,,,,,,,,,1,30
20233,11200580,응봉동,56,3,,,,2,,1,1,,,,,,,,,,1,30
20231,11200590,금호1가동,88,2,,,,6,1,1,,1,,,,,,,,,1,45
20232,11200590,금호1가동,88,2,,,,6,1,1,,1,,,,,,,,,1,45
20233,11200590,금호1가동,88,2,,,,6,1,1,,1,,,,,,,,,1,45
20231,11200615,금호2?3가동,135,3,2,,,13,,1,,,,,,,,,,,,46
20232,11200615,금호2?3가동,135,3,2,,,13,,1,,,,,,,,,,,,46
20233,11200615,금호2?3가동,135,3,2,,,13,,1,,,,,,,,,,,,46
20231,11200620,금호4가동,84,3,3,,,6,1,2,,,,,,,,,,,1,27
20232,11200620,금호4가동,84,3,3,,,6,1,2,,,,,,,,,,,1,27
20233,11200620,금호4가동,84,3,3,,,6,1,2,,,,,,,,,,,1,27
20231,11200645,옥수동,129,4,2,,,10,2,2,1,1,,,,,,,,,2,45
20232,11200645,옥수동,129,4,2,,,10,2,2,1,1,,,,,,,,,2,45
20233,11200645,옥수동,129,4,2,,,10,2,2,1,1,,,,,,,,,2,45
20231,11200650,성수1가1동,83,4,2,,,4,1,2,1,1,,,,1,,,,,1,33
20232,11200650,성수1가1동,83,4,2,,,4,1,2,1,1,,,,1,,,,,1,33
20233,11200650,성수1가1동,83,4,2,,,4,1,2,1,1,,,,1,,,,,1,33
20231,11200660,성수1가2동,79,3,6,,,6,,,1,1,1,,,,,,,,1,12
20232,11200660,성수1가2동,79,3,6,,,6,,,1,1,1,,,,,,,,1,12
20233,11200660,성수1가2동,79,3,6,,,6,,,1,1,1,,,,,,,,1,12
20231,11200670,성수2가1동,109,3,3,,,13,,1,2,1,,,2,,1,,,,,38
20232,11200670,성수2가1동,109,3,3,,,13,,1,2,1,,,2,,1,,,,,38
20233,11200670,성수2가1동,109,3,3,,,13,,1,2,1,,,2,,1,,,,,38
20231,11200690,성수2가3동,104,3,16,,,11,,2,,,,,,1,,,,,1,20
20232,11200690,성수2가3동,104,3,16,,,11,,2,,,,,,1,,,,,1,20
20233,11200690,성수2가3동,104,3,16,,,11,,2,,,,,,1,,,,,1,20
20232,11200720,송정동,44,2,,,1,5,,1,,,,,,,,,,,,17
20233,11200720,송정동,44,2,,,1,5,,1,,,,,,,,,,,,17
20231,11200790,용답동,82,7,2,,,8,,1,,,,,1,,,,,,2,11
20232,11200790,용답동,82,7,2,,,8,,1,,,,,1,,,,,,2,11
20233,11200790,용답동,82,7,2,,,8,,1,,,,,1,,,,,,2,11
20231,11215710,화양동,167,3,5,1,,17,,2,2,1,34,,,1,,,,,2,16
20232,11215710,화양동,167,3,5,1,,17,,2,2,1,34,,,1,,,,,2,16
20233,11215710,화양동,167,3,5,1,,17,,2,2,1,34,,,1,,,,,2,16
20231,11215730,군자동,135,5,5,,1,12,1,2,,,20,,,1,,,,,,23
20232,11215730,군자동,135,5,5,,1,12,1,2,,,20,,,1,,,,,,23
20233,11215730,군자동,135,5,5,,1,12,1,2,,,20,,,1,,,,,,23
20231,11215740,중곡1동,74,2,,,,10,1,,,,,,1,,,,,,,19
20233,11215740,중곡1동,74,2,,,,10,1,,,,,,1,,,,,,,19
20231,11215750,중곡2동,104,2,4,,,14,1,1,,,,,,,,,,,2,21
20232,11215750,중곡2동,104,2,4,,,14,1,1,,,,,,,,,,,2,21
20233,11215750,중곡2동,104,2,4,,,14,1,1,,,,,,,,,,,2,21
20231,11215760,중곡3동,97,3,1,,1,9,,2,,,,,1,,,,,,1,29
20232,11215760,중곡3동,97,3,1,,1,9,,2,,,,,1,,,,,,1,29
20233,11215760,중곡3동,97,3,1,,1,9,,2,,,,,1,,,,,,1,29
20231,11215770,중곡4동,105,2,2,,,7,,1,1,2,,,,,,,,,,37
20232,11215770,중곡4동,105,2,2,,,7,,1,1,2,,,,,,,,,,37
20233,11215770,중곡4동,105,2,2,,,7,,1,1,2,,,,,,,,,,37
20231,11215780,능동,47,4,,,1,5,,1,,1,,,,,,,,,1,5
20232,11215780,능동,47,4,,,1,5,,1,,1,,,,,,,,,1,5
20233,11215780,능동,47,4,,,1,5,,1,,1,,,,,,,,,1,5
20231,11215810,광장동,139,5,9,,,9,3,3,3,1,11,,,,,,,,1,32
20232,11215810,광장동,139,5,9,,,9,3,3,3,1,11,,,,,,,,1,32
20233,11215810,광장동,139,5,9,,,9,3,3,3,1,11,,,,,,,,1,32
20231,11215820,자양1동,106,3,4,1,,14,1,1,,,2,,,,,,,,,17
20232,11215820,자양1동,106,3,4,1,,14,1,1,,,2,,,,,,,,,17
20233,11215820,자양1동,106,3,4,1,,14,1,1,,,2,,,,,,,,,17
20231,11215830,자양2동,95,2,1,,,8,2,4,2,1,,,1,,,,,,,21
20232,11215830,자양2동,95,2,1,,,8,2,4,2,1,,,1,,,,,,,21
20233,11215830,자양2동,95,2,1,,,8,2,4,2,1,,,1,,,,,,,21
20231,11230710,회기동,84,3,5,1,,10,1,3,1,1,14,,,,,,,,,10
20232,11230710,회기동,84,3,5,1,,10,1,3,1,1,14,,,,,,,,,10
20233,11230710,회기동,84,3,5,1,,10,1,3,1,1,14,,,,,,,,,10
20231,11230720,휘경1동,82,2,1,,,12,,,,,,,,,1,,,,3,18
20232,11230720,휘경1동,82,2,1,,,12,,,,,,,,,1,,,,3,18
20233,11230720,휘경1동,82,2,1,,,12,,,,,,,,,1,,,,3,18
20231,11230730,휘경2동,84,5,1,1,,5,1,2,3,3,4,,,,,,,,,27
20232,11230730,휘경2동,84,5,1,1,,5,1,2,3,3,4,,,,,,,,,27
20233,11230730,휘경2동,84,5,1,1,,5,1,2,3,3,4,,,,,,,,,27
20231,11230740,이문1동,147,5,2,,,13,3,,,2,30,,,,,,,,1,26
20232,11230740,이문1동,147,5,2,,,13,3,,,2,30,,,,,,,,1,26
20233,11230740,이문1동,147,5,2,,,13,3,,,2,30,,,,,,,,1,26
20231,11230750,이문2동,71,2,,,,6,1,1,,,2,,,,,,,,1,17
20232,11230750,이문2동,71,2,,,,6,1,1,,,2,,,,,,,,1,17
20233,11230750,이문2동,71,2,,,,6,1,1,,,2,,,,,,,,1,17
20231,11260520,면목2동,112,3,,,1,11,2,2,,,,,8,,1,,,,,25
20232,11260520,면목2동,112,3,,,1,11,2,2,,,,,8,,1,,,,,25
20233,11260520,면목2동,112,3,,,1,11,2,2,,,,,8,,1,,,,,25
20231,11260540,면목4동,61,2,,,,5,1,1,1,,,,,,,,,,1,15
20233,11260540,면목4동,61,2,,,,5,1,1,1,,,,,,,,,,1,15
20232,11260550,면목5동,42,2,1,,,3,,,,,,,4,,,,,,,13
20233,11260550,면목5동,42,2,1,,,3,,,,,,,4,,,,,,,13
20231,11260565,면목본동,168,4,2,,,18,1,2,,,,,13,,1,,,,1,30
20232,11260565,면목본동,168,4,2,,,18,1,2,,,,,13,,1,,,,1,30
20233,11260565,면목본동,168,4,2,,,18,1,2,,,,,13,,1,,,,1,30
20231,11260570,면목7동,108,2,2,,1,11,,1,,,,,1,,,,,,,18
20232,11260570,면목7동,108,2,2,,1,11,,1,,,,,1,,,,,,,18
20233,11260570,면목7동,108,2,2,,1,11,,1,,,,,1,,,,,,,18
20231,11260575,면목3?8동,150,4,1,1,,17,1,2,2,1,8,,,,1,,,,1,34
20232,11260575,면목3?8동,150,4,1,1,,17,1,2,2,1,8,,,,1,,,,1,34
20233,11260575,면목3?8동,150,4,1,1,,17,1,2,2,1,8,,,,1,,,,1,34
20231,11260580,상봉1동,78,3,1,,1,8,2,1,2,1,,,,,,,,,4,12
20232,11260580,상봉1동,78,3,1,,1,8,2,1,2,1,,,,,,,,,4,12
20233,11260580,상봉1동,78,3,1,,1,8,2,1,2,1,,,,,,,,,4,12
20231,11260590,상봉2동,127,4,3,,1,10,,,,,,,,2,2,,,1,1,18
20232,11260590,상봉2동,127,4,3,,1,10,,,,,,,,2,2,,,1,1,18
20233,11260590,상봉2동,127,4,3,,1,10,,,,,,,,2,2,,,1,1,18
20231,11260600,중화1동,79,2,1,,1,7,1,2,2,1,,,,,,,,,,14
20232,11260600,중화1동,79,2,1,,1,7,1,2,2,1,,,,,,,,,,14
20233,11260600,중화1동,79,2,1,,1,7,1,2,2,1,,,,,,,,,,14
20231,11260610,중화2동,123,2,3,,,14,,,,,,,2,,,,,,3,32
20232,11260610,중화2동,123,2,3,,,14,,,,,,,2,,,,,,3,32
20233,11260610,중화2동,123,2,3,,,14,,,,,,,2,,,,,,3,32
20231,11260620,묵1동,144,4,2,,2,11,2,1,2,2,,,,,,,,,,34
20232,11260620,묵1동,144,4,2,,2,11,2,1,2,2,,,,,,,,,,34
20233,11260620,묵1동,144,4,2,,2,11,2,1,2,2,,,,,,,,,,34
20231,11260630,묵2동,92,3,4,,,7,,2,,,,,,1,,,,,1,19
20232,11260630,묵2동,92,3,4,,,7,,2,,,,,,1,,,,,1,19
20233,11260630,묵2동,92,3,4,,,7,,2,,,,,,1,,,,,1,19
20231,11260655,망우본동,238,9,4,1,4,25,1,2,3,4,,,9,,2,,,,2,54
20232,11260655,망우본동,238,9,4,1,4,25,1,2,3,4,,,9,,2,,,,2,54
20233,11260655,망우본동,238,9,4,1,4,25,1,2,3,4,,,9,,2,,,,2,54
20231,11260660,망우3동,54,1,1,,1,3,,2,,1,,,3,,,,,,,11
20232,11260660,망우3동,54,1,1,,1,3,,2,,1,,,3,,,,,,,11
20233,11260660,망우3동,54,1,1,,1,3,,2,,1,,,3,,,,,,,11
20231,11260680,신내1동,160,3,2,1,,13,2,2,,,,,,,,,,,1,53
20233,11260680,신내1동,160,3,2,1,,13,2,2,,,,,,,,,,,1,53
20231,11260690,신내2동,104,6,3,,,12,3,4,,,,,,,,,,,,21
20232,11260690,신내2동,104,6,3,,,12,3,4,,,,,,,,,,,,21
20233,11260690,신내2동,104,6,3,,,12,3,4,,,,,,,,,,,,21
20231,11290525,성북동,166,6,4,,,6,2,1,3,2,5,,,,,,,,,55
20232,11290525,성북동,166,6,4,,,6,2,1,3,2,5,,,,,,,,,55
20233,11290525,성북동,166,6,4,,,6,2,1,3,2,5,,,,,,,,,55
20231,11290555,삼선동,163,7,5,,,14,,1,1,2,14,,,,,,,,2,46
20232,11290555,삼선동,163,7,5,,,14,,1,1,2,14,,,,,,,,2,46
20233,11290555,삼선동,163,7,5,,,14,,1,1,2,14,,,,,,,,2,46
20231,11320681,쌍문4동,64,1,,,,4,5,2,2,3,,,,,,,,,,23
20233,11320681,쌍문4동,64,1,,,,4,5,2,2,3,,,,,,,,,,23
20231,11320690,방학1동,148,6,6,,2,15,2,1,1,1,,,,,,,,,1,39
20232,11320690,방학1동,148,6,6,,2,15,2,1,1,1,,,,,,,,,1,39
20233,11320690,방학1동,148,6,6,,2,15,2,1,1,1,,,,,,,,,1,39
20231,11320700,방학2동,64,3,,,,7,,1,1,,,,,,,,,,,23
20232,11320700,방학2동,64,3,,,,7,,1,1,,,,,,,,,,,23
20233,11320700,방학2동,64,3,,,,7,,1,1,,,,,,,,,,,23
20231,11320710,방학3동,112,3,3,,,6,3,3,1,,,,,,,,,,,47
20232,11320710,방학3동,112,3,3,,,6,3,3,1,,,,,,,,,,,47
20233,11320710,방학3동,112,3,3,,,6,3,3,1,,,,,,,,,,,47
20231,11350560,월계1동,159,4,2,,,10,2,1,1,1,17,,,,,,,,,59
20232,11350560,월계1동,159,4,2,,,10,2,1,1,1,17,,,,,,,,,59
20233,11350560,월계1동,159,4,2,,,10,2,1,1,1,17,,,,,,,,,59
20231,11350570,월계2동,136,4,,,,5,3,2,3,4,11,,,,,,,,1,64
20232,11350570,월계2동,136,4,,,,5,3,2,3,4,11,,,,,,,,1,64
20233,11350570,월계2동,136,4,,,,5,3,2,3,4,11,,,,,,,,1,64
20231,11350580,월계3동,135,5,3,,,8,4,3,1,,,,,,,,,,2,47
20232,11350580,월계3동,135,5,3,,,8,4,3,1,,,,,,,,,,2,47
20233,11350580,월계3동,135,5,3,,,8,4,3,1,,,,,,,,,,2,47
20231,11350595,공릉1동,211,4,6,,4,21,3,3,,,1,,1,,,,,,3,54
20232,11350595,공릉1동,211,4,6,,4,21,3,3,,,1,,1,,,,,,3,54
20233,11350595,공릉1동,211,4,6,,4,21,3,3,,,1,,1,,,,,,3,54
20231,11350600,공릉2동,271,7,6,1,,14,3,4,4,2,64,,1,,,,,,1,63
20232,11350600,공릉2동,271,7,6,1,,14,3,4,4,2,64,,1,,,,,,1,63
20233,11350600,공릉2동,271,7,6,1,,14,3,4,4,2,64,,1,,,,,,1,63
20231,11350611,하계1동,133,4,3,1,,9,1,1,2,4,16,,,,,,,,,41
20232,11350611,하계1동,133,4,3,1,,9,1,1,2,4,16,,,,,,,,,41
20233,11350611,하계1동,133,4,3,1,,9,1,1,2,4,16,,,,,,,,,41
20231,11350612,하계2동,67,2,1,,,4,2,2,1,,,,,,,,,,1,28
20232,11350612,하계2동,67,2,1,,,4,2,2,1,,,,,,,,,,1,28
20233,11350612,하계2동,67,2,1,,,4,2,2,1,,,,,,,,,,1,28
20231,11350619,중계본동,95,5,2,,,7,3,2,,3,,,,,,,,,,21
20232,11350619,중계본동,95,5,2,,,7,3,2,,3,,,,,,,,,,21
20233,11350619,중계본동,95,5,2,,,7,3,2,,3,,,,,,,,,,21
20231,11350621,중계1동,85,2,3,,,7,,2,1,2,,,,,,,,,,18
20232,11350621,중계1동,85,2,3,,,7,,2,1,2,,,,,,,,,,18
20233,11350621,중계1동,85,2,3,,,7,,2,1,2,,,,,,,,,,18
20231,11350624,중계4동,81,2,3,,,14,1,1,3,2,,,,,,,,,,6
20232,11350624,중계4동,81,2,3,,,14,1,1,3,2,,,,,,,,,,6
20233,11350624,중계4동,81,2,3,,,14,1,1,3,2,,,,,,,,,,6
20231,11350665,상계3?4동,107,4,1,,,9,3,2,,,1,,,,2,,,,1,11
20232,11350665,상계3?4동,107,4,1,,,9,3,2,,,1,,,,2,,,,1,11
20233,11350665,상계3?4동,107,4,1,,,9,3,2,,,1,,,,2,,,,1,11
20231,11350670,상계5동,105,2,1,,,11,,1,,,,,,,3,,,,1,36
20232,11350670,상계5동,105,2,1,,,11,,1,,,,,,,3,,,,1,36
20233,11350670,상계5동,105,2,1,,,11,,1,,,,,,,3,,,,1,36
20231,11350695,상계6?7동,253,9,11,1,1,29,,3,2,1,4,,,1,,,,,,40
20232,11350695,상계6?7동,253,9,11,1,1,29,,3,2,1,4,,,1,,,,,,40
20233,11350695,상계6?7동,253,9,11,1,1,29,,3,2,1,4,,,1,,,,,,40
20231,11350700,상계8동,92,3,3,,,7,,,1,,,,,,,,,,1,15
20232,11350700,상계8동,92,3,3,,,7,,,1,,,,,,,,,,1,15
20233,11350700,상계8동,92,3,3,,,7,,,1,,,,,,,,,,1,15
20231,11350710,상계9동,78,3,4,,,6,1,3,2,2,,,,,,,,,,18
20232,11350710,상계9동,78,3,4,,,6,1,3,2,2,,,,,,,,,,18
20233,11350710,상계9동,78,3,4,,,6,1,3,2,2,,,,,,,,,,18
20231,11350720,상계10동,64,3,,,,1,1,2,1,1,,,,,,,,,,30
20232,11350720,상계10동,64,3,,,,1,1,2,1,1,,,,,,,,,,30
20233,11350720,상계10동,64,3,,,,1,1,2,1,1,,,,,,,,,,30
20231,11380510,녹번동,148,8,3,,2,12,1,3,,,,,1,1,,,,,2,35
20232,11380510,녹번동,148,8,3,,2,12,1,3,,,,,1,1,,,,,2,35
20233,11380510,녹번동,148,8,3,,2,12,1,3,,,,,1,1,,,,,2,35
20231,11380520,불광1동,198,6,4,,1,17,4,2,,,,,,1,,,,,3,49
20232,11380520,불광1동,198,6,4,,1,17,4,2,,,,,,1,,,,,3,49
20233,11380520,불광1동,198,6,4,,1,17,4,2,,,,,,1,,,,,3,49
20231,11380530,불광2동,113,6,1,,,5,,3,3,1,,,3,,,,,,,32
20232,11380530,불광2동,113,6,1,,,5,,3,3,1,,,3,,,,,,,32
20233,11380530,불광2동,113,6,1,,,5,,3,3,1,,,3,,,,,,,32
20231,11380551,갈현1동,133,2,2,1,,13,1,,,,,,,,,,,,2,48
20232,11380551,갈현1동,133,2,2,1,,13,1,,,,,,,,,,,,2,48
20233,11380551,갈현1동,133,2,2,1,,13,1,,,,,,,,,,,,2,48
20231,11380552,갈현2동,121,3,1,,1,15,5,2,1,5,,,,,,,,,1,34
20232,11380552,갈현2동,121,3,1,,1,15,5,2,1,5,,,,,,,,,1,34
20233,11380552,갈현2동,121,3,1,,1,15,5,2,1,5,,,,,,,,,1,34
20231,11380560,구산동,127,3,,,1,8,3,3,2,3,,,,,,,,,,38
20232,11380560,구산동,127,3,,,1,8,3,3,2,3,,,,,,,,,,38
20233,11380560,구산동,127,3,,,1,8,3,3,2,3,,,,,,,,,,38
20231,11380570,대조동,205,3,5,,1,24,,2,,2,,,,1,,,,,,32
20232,11380570,대조동,205,3,5,,1,24,,2,,2,,,,1,,,,,,32
20233,11380570,대조동,205,3,5,,1,24,,2,,2,,,,1,,,,,,32
20231,11380580,응암1동,133,5,5,,1,20,1,1,1,1,,,,,,,,,,27
20233,11380580,응암1동,133,5,5,,1,20,1,1,1,1,,,,,,,,,,27
20231,11380590,응암2동,91,3,1,,1,10,2,1,,,,,,,,,,,,37
20233,11380590,응암2동,91,3,1,,1,10,2,1,,,,,,,,,,,,37
20231,11380600,응암3동,138,3,3,,1,16,1,1,2,1,,,2,,,,,,,31
20232,11380600,응암3동,138,3,3,,1,16,1,1,2,1,,,2,,,,,,,31
20233,11380600,응암3동,138,3,3,,1,16,1,1,2,1,,,2,,,,,,,31
20231,11380625,역촌동,176,5,5,,2,18,2,1,,,,,,,,,,,,51
20232,11380625,역촌동,176,5,5,,2,18,2,1,,,,,,,,,,,,51
20233,11380625,역촌동,176,5,5,,2,18,2,1,,,,,,,,,,,,51
20231,11380631,신사1동,94,3,,,,8,3,,1,,5,,,,,,,,1,22
20232,11380631,신사1동,94,3,,,,8,3,,1,,5,,,,,,,,1,22
20233,11380631,신사1동,94,3,,,,8,3,,1,,5,,,,,,,,1,22
20231,11380632,신사2동,82,4,,,,5,,3,1,1,,,,,,,,,1,35
20232,11380632,신사2동,82,4,,,,5,,3,1,1,,,,,,,,,1,35
20233,11380632,신사2동,82,4,,,,5,,3,1,1,,,,,,,,,1,35
20231,11380640,증산동,83,3,,,,8,1,1,2,,,,2,,,,,,1,16
20232,11380640,증산동,83,3,,,,8,1,1,2,,,,2,,,,,,1,16
20233,11380640,증산동,83,3,,,,8,1,1,2,,,,2,,,,,,1,16
20231,11380650,수색동,60,5,2,,,5,1,1,,,,,2,,,,,,1,22
20232,11380650,수색동,60,5,2,,,5,1,1,,,,,2,,,,,,1,22
20233,11380650,수색동,60,5,2,,,5,1,1,,,,,2,,,,,,1,22
20231,11380690,진관동,242,6,6,,,22,6,6,2,4,,,,1,,,,,1,81
20233,11380690,진관동,242,6,6,,,22,6,6,2,4,,,,1,,,,,1,81
20231,11410520,천연동,127,4,1,,,4,,1,1,1,11,,,,1,,,,,44
20232,11410520,천연동,127,4,1,,,4,,1,1,1,11,,,,1,,,,,44
20233,11410520,천연동,127,4,1,,,4,,1,1,1,11,,,,1,,,,,44
20231,11410555,북아현동,76,2,2,,1,7,1,1,,1,,,,,,,,,,17
20232,11410555,북아현동,76,2,2,,1,7,1,1,,1,,,,,,,,,,17
20233,11410555,북아현동,76,2,2,,1,7,1,1,,1,,,,,,,,,,17
20231,11410565,충현동,184,9,8,,,7,1,3,1,2,24,,,,,,,,3,58
20232,11410565,충현동,184,9,8,,,7,1,3,1,2,24,,,,,,,,3,58
20233,11410565,충현동,184,9,8,,,7,1,3,1,2,24,,,,,,,,3,58
20231,11410585,신촌동,368,6,10,1,,22,1,3,1,1,109,1,,4,3,,,,2,60
20232,11410585,신촌동,368,6,10,1,,22,1,3,1,1,109,1,,4,3,,,,2,60
20233,11410585,신촌동,368,6,10,1,,22,1,3,1,1,109,1,,4,3,,,,2,60
20231,11410615,연희동,201,7,7,,1,16,,1,3,1,13,,,1,1,,,,,70
20232,11410615,연희동,201,7,7,,1,16,,1,3,1,13,,,1,1,,,,,70
20233,11410615,연희동,201,7,7,,1,16,,1,3,1,13,,,1,1,,,,,70
20231,11410620,홍제1동,135,3,2,,,10,2,2,,,1,,,,1,,,,1,40
20233,11410620,홍제1동,135,3,2,,,10,2,2,,,1,,,,1,,,,1,40
20231,11410640,홍제3동,129,3,3,,2,14,1,2,1,,3,,4,,6,,,,1,46
20232,11410640,홍제3동,129,3,3,,2,14,1,2,1,,3,,4,,6,,,,1,46
20233,11410640,홍제3동,129,3,3,,2,14,1,2,1,,3,,4,,6,,,,1,46
20231,11410655,홍제2동,56,1,,,,6,3,,,,,,,,1,,,,,15
20233,11410655,홍제2동,56,1,,,,6,3,,,,,,,,1,,,,,15
20231,11410660,홍은1동,86,3,,,,7,1,1,,,,,,,1,,,,,32
20232,11410660,홍은1동,86,3,,,,7,1,1,,,,,,,1,,,,,32
20233,11410660,홍은1동,86,3,,,,7,1,1,,,,,,,1,,,,,32
20231,11410685,홍은2동,161,4,2,1,,8,,2,3,1,12,,,,,,,,,83
20232,11410685,홍은2동,161,4,2,1,,8,,2,3,1,12,,,,,,,,,83
20233,11410685,홍은2동,161,4,2,1,,8,,2,3,1,12,,,,,,,,,83
20231,11410690,남가좌1동,94,2,3,,1,9,,1,,,,,1,,1,,,,1,20
20233,11410690,남가좌1동,94,2,3,,1,9,,1,,,,,1,,1,,,,1,20
20231,11410700,남가좌2동,117,4,4,,,12,4,1,1,,8,,,,,,,,,24
20233,11410700,남가좌2동,117,4,4,,,12,4,1,1,,8,,,,,,,,,24
20231,11410710,북가좌1동,60,1,2,,,5,2,1,1,1,,,,,,,,,,13
20232,11410710,북가좌1동,60,1,2,,,5,2,1,1,1,,,,,,,,,,13
20233,11410710,북가좌1동,60,1,2,,,5,2,1,1,1,,,,,,,,,,13
20231,11410720,북가좌2동,115,3,3,,,12,2,,,,,,,,,,,,,39
20232,11410720,북가좌2동,115,3,3,,,12,2,,,,,,,,,,,,,39
20233,11410720,북가좌2동,115,3,3,,,12,2,,,,,,,,,,,,,39
20231,11440555,아현동,145,5,8,,,16,1,1,1,1,,,,,1,,,,2,23
20232,11440555,아현동,145,5,8,,,16,1,1,1,1,,,,,1,,,,2,23
20233,11440555,아현동,145,5,8,,,16,1,1,1,1,,,,,1,,,,2,23
20231,11440565,공덕동,172,7,9,,,21,1,3,,,,,2,,,,,,4,39
20232,11440565,공덕동,172,7,9,,,21,1,3,,,,,2,,,,,,4,39
20233,11440565,공덕동,172,7,9,,,21,1,3,,,,,2,,,,,,4,39
20231,11440585,도화동,144,4,7,,,15,2,1,,,,,,1,1,,,,1,38
20231,11350625,중계2?3동,142,7,2,,,10,4,4,1,3,,,,2,,,,,1,39
20233,11440585,도화동,144,4,7,,,15,2,1,,,,,,1,1,,,,1,38
20232,11350625,중계2?3동,142,7,2,,,10,4,4,1,3,,,,2,,,,,1,39
20233,11350625,중계2?3동,142,7,2,,,10,4,4,1,3,,,,2,,,,,1,39
20231,11350630,상계1동,190,5,2,,,14,3,3,2,1,,,,1,,,,,1,38
20232,11350630,상계1동,190,5,2,,,14,3,3,2,1,,,,1,,,,,1,38
20233,11350630,상계1동,190,5,2,,,14,3,3,2,1,,,,1,,,,,1,38
20231,11350640,상계2동,182,2,1,,2,19,1,1,1,,,,,1,,,,,2,33
20232,11350640,상계2동,182,2,1,,2,19,1,1,1,,,,,1,,,,,2,33
20233,11350640,상계2동,182,2,1,,2,19,1,1,1,,,,,1,,,,,2,33
20231,11440700,망원2동,83,4,1,,,6,1,2,,,,,,,,,,,,33
20232,11440700,망원2동,83,4,1,,,6,1,2,,,,,,,,,,,,33
20233,11440700,망원2동,83,4,1,,,6,1,2,,,,,,,,,,,,33
20231,11440710,연남동,52,2,1,,,2,1,,1,2,,,,,,,,,,23
20232,11440710,연남동,52,2,1,,,2,1,,1,2,,,,,,,,,,23
20233,11440710,연남동,52,2,1,,,2,1,,1,2,,,,,,,,,,23
20231,11440720,성산1동,86,4,2,,,5,1,2,2,1,1,,,,1,,,,,29
20232,11440720,성산1동,86,4,2,,,5,1,2,2,1,1,,,,1,,,,,29
20233,11440720,성산1동,86,4,2,,,5,1,2,2,1,1,,,,1,,,,,29
20231,11440730,성산2동,158,6,3,,,13,2,3,2,,,,1,1,,,,,2,47
20232,11440730,성산2동,158,6,3,,,13,2,3,2,,,,1,1,,,,,2,47
20233,11440730,성산2동,158,6,3,,,13,2,3,2,,,,1,1,,,,,2,47
20231,11440740,상암동,247,10,11,,,14,3,3,1,1,,,1,,,,,,4,104
20232,11440740,상암동,247,10,11,,,14,3,3,1,1,,,1,,,,,,4,104
20233,11440740,상암동,247,10,11,,,14,3,3,1,1,,,1,,,,,,4,104
20231,11470510,목1동,190,5,12,,1,21,1,1,1,1,2,,,2,,,,,2,29
20232,11470510,목1동,190,5,12,,1,21,1,1,1,1,2,,,2,,,,,2,29
20233,11470510,목1동,190,5,12,,1,21,1,1,1,1,2,,,2,,,,,2,29
20231,11470520,목2동,97,3,2,,1,13,3,1,,,,,,,1,,,,1,18
20233,11470520,목2동,97,3,2,,1,13,3,1,,,,,,,1,,,,1,18
20231,11470530,목3동,96,3,4,,,11,1,,1,,,,,,,,,,,7
20232,11470530,목3동,96,3,4,,,11,1,,1,,,,,,,,,,,7
20233,11470530,목3동,96,3,4,,,11,1,,1,,,,,,,,,,,7
20231,11320512,창2동,95,3,,,1,8,1,1,,,,,,,,,,,,44
20232,11320512,창2동,95,3,,,1,8,1,1,,,,,,,,,,,,44
20233,11320512,창2동,95,3,,,1,8,1,1,,,,,,,,,,,,44
20231,11320513,창3동,66,1,,,,7,1,2,,,,,1,,,,,,,25
20232,11320513,창3동,66,1,,,,7,1,2,,,,,1,,,,,,,25
20233,11320513,창3동,66,1,,,,7,1,2,,,,,1,,,,,,,25
20231,11320514,창4동,130,7,4,,,8,1,2,1,2,,,,,,,,,,51
20232,11320514,창4동,130,7,4,,,8,1,2,1,2,,,,,,,,,,51
20233,11320514,창4동,130,7,4,,,8,1,2,1,2,,,,,,,,,,51
20231,11320515,창5동,119,7,3,,3,12,1,3,,,,,,2,,,,,2,24
20232,11320515,창5동,119,7,3,,3,12,1,3,,,,,,2,,,,,2,24
20233,11320515,창5동,119,7,3,,3,12,1,3,,,,,,2,,,,,2,24
20231,11320521,도봉1동,122,4,1,,,9,2,2,1,1,2,,1,,,,,,,38
20232,11320521,도봉1동,122,4,1,,,9,2,2,1,1,2,,1,,,,,,,38
20233,11320521,도봉1동,122,4,1,,,9,2,2,1,1,2,,1,,,,,,,38
20231,11320522,도봉2동,127,8,3,,,7,1,1,1,1,1,,,,1,,,,3,49
20232,11320522,도봉2동,127,8,3,,,7,1,1,1,1,1,,,,1,,,,3,49
20233,11320522,도봉2동,127,8,3,,,7,1,1,1,1,1,,,,1,,,,3,49
20231,11320660,쌍문1동,126,6,1,,1,4,1,3,,1,17,,,,,,,,,54
20233,11320660,쌍문1동,126,6,1,,1,4,1,3,,1,17,,,,,,,,,54
20231,11320670,쌍문2동,87,3,1,,1,10,1,1,1,,,,,,2,,,,,19
20233,11320670,쌍문2동,87,3,1,,1,10,1,1,1,,,,,,2,,,,,19
20231,11320680,쌍문3동,78,3,3,1,,12,,,1,,,,,,1,,,,1,17
20232,11320680,쌍문3동,78,3,3,1,,12,,,1,,,,,,1,,,,1,17
20233,11320680,쌍문3동,78,3,3,1,,12,,,1,,,,,,1,,,,1,17
20231,11500550,화곡2동,65,2,,,,3,2,1,,,,,,,,,,,,30
20232,11500550,화곡2동,65,2,,,,3,2,1,,,,,,,,,,,,30
20233,11500550,화곡2동,65,2,,,,3,2,1,,,,,,,,,,,,30
20231,11500604,가양2동,75,4,3,,,7,3,1,1,1,,,,,,,,,1,14
20233,11500604,가양2동,75,4,3,,,7,3,1,1,1,,,,,,,,,1,14
20231,11470540,목4동,84,3,3,,,9,1,1,1,1,,,,,,,,,,14
20232,11470540,목4동,84,3,3,,,9,1,1,1,1,,,,,,,,,,14
20233,11470540,목4동,84,3,3,,,9,1,1,1,1,,,,,,,,,,14
20231,11470550,목5동,143,8,9,1,,12,4,3,2,2,,,,,,,,,,52
20232,11470550,목5동,143,8,9,1,,12,4,3,2,2,,,,,,,,,,52
20233,11470550,목5동,143,8,9,1,,12,4,3,2,2,,,,,,,,,,52
20231,11470560,신월1동,71,3,3,,,12,1,,,,,,,,,,,,,9
20232,11470560,신월1동,71,3,3,,,12,1,,,,,,,,,,,,,9
20233,11470560,신월1동,71,3,3,,,12,1,,,,,,,,,,,,,9
20231,11470570,신월2동,65,3,1,,,6,1,2,2,,,,,,,,,,,12
20232,11470570,신월2동,65,3,1,,,6,1,2,2,,,,,,,,,,,12
20233,11470570,신월2동,65,3,1,,,6,1,2,2,,,,,,,,,,,12
20231,11470580,신월3동,70,2,1,,,7,1,1,2,3,,,,,,,,,,8
20232,11470580,신월3동,70,2,1,,,7,1,1,2,3,,,,,,,,,,8
20233,11470580,신월3동,70,2,1,,,7,1,1,2,3,,,,,,,,,,8
20231,11470590,신월4동,63,2,1,,,6,3,1,,,,,,,,,,,,11
20232,11470590,신월4동,63,2,1,,,6,3,1,,,,,,,,,,,,11
20233,11470590,신월4동,63,2,1,,,6,3,1,,,,,,,,,,,,11
20231,11470600,신월5동,54,3,,,1,3,2,1,2,,,,,,,,,,,12
20232,11470600,신월5동,54,3,,,1,3,2,1,2,,,,,,,,,,,12
20233,11470600,신월5동,54,3,,,1,3,2,1,2,,,,,,,,,,,12
20231,11470610,신월6동,47,1,2,,1,5,1,1,1,,,,,,,,,,,15
20232,11470610,신월6동,47,1,2,,1,5,1,1,1,,,,,,,,,,,15
20233,11470610,신월6동,47,1,2,,1,5,1,1,1,,,,,,,,,,,15
20231,11470611,신월7동,74,6,1,,,10,2,,1,,,,,,,,,,,21
20232,11470611,신월7동,74,6,1,,,10,2,,1,,,,,,,,,,,21
20233,11470611,신월7동,74,6,1,,,10,2,,1,,,,,,,,,,,21
20231,11470620,신정1동,94,7,3,,,9,2,2,1,,,,,,,,,,,26
20232,11470620,신정1동,94,7,3,,,9,2,2,1,,,,,,,,,,,26
20233,11470620,신정1동,94,7,3,,,9,2,2,1,,,,,,,,,,,26
20231,11470630,신정2동,71,3,1,,,7,1,2,1,,,,,,,,,,,20
20232,11470630,신정2동,71,3,1,,,7,1,2,1,,,,,,,,,,,20
20233,11470630,신정2동,71,3,1,,,7,1,2,1,,,,,,,,,,,20
20231,11470640,신정3동,203,4,1,,,15,1,3,1,4,,,,,,,,,1,81
20232,11470640,신정3동,203,4,1,,,15,1,3,1,4,,,,,,,,,1,81
20233,11470640,신정3동,203,4,1,,,15,1,3,1,4,,,,,,,,,1,81
20231,11500560,화곡3동,87,4,3,,,8,2,,,,,,,,,,,,,12
20232,11500560,화곡3동,87,4,3,,,8,2,,,,,,,,,,,,,12
20233,11500560,화곡3동,87,4,3,,,8,2,,,,,,,,,,,,,12
20231,11500570,화곡4동,101,4,2,,,14,3,1,,2,,,,,,,,,,30
20232,11500570,화곡4동,101,4,2,,,14,3,1,,2,,,,,,,,,,30
20233,11500570,화곡4동,101,4,2,,,14,3,1,,2,,,,,,,,,,30
20231,11500590,화곡본동,145,3,,,1,11,1,2,,,,,,,,,,,,31
20232,11500590,화곡본동,145,3,,,1,11,1,2,,,,,,,,,,,,31
20233,11500590,화곡본동,145,3,,,1,11,1,2,,,,,,,,,,,,31
20231,11500591,화곡6동,118,7,5,,,8,2,1,,,9,,,,,,,,,29
20232,11500591,화곡6동,118,7,5,,,8,2,1,,,9,,,,,,,,,29
20233,11500591,화곡6동,118,7,5,,,8,2,1,,,9,,,,,,,,,29
20231,11500593,화곡8동,95,2,3,,,8,1,,,,,,,,,,,,1,33
20232,11500593,화곡8동,95,2,3,,,8,1,,,,,,,,,,,,1,33
20233,11500593,화곡8동,95,2,3,,,8,1,,,,,,,,,,,,1,33
20231,11500603,가양1동,279,5,13,,,20,3,1,1,1,,,,1,2,,,,5,69
20232,11500603,가양1동,279,5,13,,,20,3,1,1,1,,,,1,2,,,,5,69
20233,11500603,가양1동,279,5,13,,,20,3,1,1,1,,,,1,2,,,,5,69
20231,11440590,용강동,90,7,6,,1,10,2,1,,,,,,,,,,,1,24
20232,11440590,용강동,90,7,6,,1,10,2,1,,,,,,,,,,,1,24
20233,11440590,용강동,90,7,6,,1,10,2,1,,,,,,,,,,,1,24
20231,11440600,대흥동,209,5,5,,,18,,3,1,1,27,,,,3,,,,3,38
20232,11440600,대흥동,209,5,5,,,18,,3,1,1,27,,,,3,,,,3,38
20233,11440600,대흥동,209,5,5,,,18,,3,1,1,27,,,,3,,,,3,38
20231,11440610,염리동,52,3,1,,,3,1,1,2,3,,,,,2,,,,,10
20232,11440610,염리동,52,3,1,,,3,1,1,2,3,,,,,2,,,,,10
20233,11440610,염리동,52,3,1,,,3,1,1,2,3,,,,,2,,,,,10
20231,11440630,신수동,76,4,1,,1,5,1,1,1,1,,,,,,,,,,24
20232,11440630,신수동,76,4,1,,1,5,1,1,1,1,,,,,,,,,,24
20233,11440630,신수동,76,4,1,,1,5,1,1,1,1,,,,,,,,,,24
20231,11440655,서강동,156,6,4,,,7,1,1,,,20,,,,,,,,2,64
20232,11440655,서강동,156,6,4,,,7,1,1,,,20,,,,,,,,2,64
20233,11440655,서강동,156,6,4,,,7,1,1,,,20,,,,,,,,2,64
20231,11440660,서교동,358,13,22,,,31,1,1,,,2,,,5,3,,,,7,88
20232,11440660,서교동,358,13,22,,,31,1,1,,,2,,,5,3,,,,7,88
20233,11440660,서교동,358,13,22,,,31,1,1,,,2,,,5,3,,,,7,88
20231,11440680,합정동,109,4,3,,,10,1,1,1,,,,,,,,,,,32
20232,11440680,합정동,109,4,3,,,10,1,1,1,,,,,,,,,,,32
20233,11440680,합정동,109,4,3,,,10,1,1,1,,,,,,,,,,,32
20232,11440690,망원1동,95,2,2,,,11,,,,,,,,,1,,,,,23
20233,11440690,망원1동,95,2,2,,,11,,,,,,,,,1,,,,,23
20231,11470650,신정4동,161,3,8,1,1,16,3,2,,2,,,,,,,,,1,18
20232,11470650,신정4동,161,3,8,1,1,16,3,2,,2,,,,,,,,,1,18
20233,11470650,신정4동,161,3,8,1,1,16,3,2,,2,,,,,,,,,1,18
20231,11470670,신정6동,72,7,6,,,2,2,,1,1,,,,,,,,,,31
20232,11470670,신정6동,72,7,6,,,2,2,,1,1,,,,,,,,,,31
20233,11470670,신정6동,72,7,6,,,2,2,,1,1,,,,,,,,,,31
20231,11470680,신정7동,107,3,2,,,8,3,3,1,1,,,,,,,,,1,30
20232,11470680,신정7동,107,3,2,,,8,3,3,1,1,,,,,,,,,1,30
20233,11470680,신정7동,107,3,2,,,8,3,3,1,1,,,,,,,,,1,30
20231,11500510,염창동,147,5,3,,1,15,,2,2,,,,,,,,,,2,35
20232,11500510,염창동,147,5,3,,1,15,,2,2,,,,,,,,,,2,35
20233,11500510,염창동,147,5,3,,1,15,,2,2,,,,,,,,,,2,35
20231,11500520,등촌1동,95,1,5,,1,10,,1,,,,,,1,,,,,,20
20232,11500520,등촌1동,95,1,5,,1,10,,1,,,,,,1,,,,,,20
20233,11500520,등촌1동,95,1,5,,1,10,,1,,,,,,1,,,,,,20
20231,11650600,방배1동,102,3,4,,1,10,,1,,,3,,1,,,,,,1,19
20232,11650600,방배1동,102,3,4,,1,10,,1,,,3,,1,,,,,,1,19
20233,11650600,방배1동,102,3,4,,1,10,,1,,,3,,1,,,,,,1,19
20231,11650610,방배2동,114,4,2,,,3,,1,1,1,,,1,,1,,,,1,37
20232,11650610,방배2동,114,4,2,,,3,,1,1,1,,,1,,1,,,,1,37
20233,11650610,방배2동,114,4,2,,,3,,1,1,1,,,1,,1,,,,1,37
20231,11650620,방배3동,112,4,3,,2,6,,2,,1,7,,,,,,,,,50
20232,11650620,방배3동,112,4,3,,2,6,,2,,1,7,,,,,,,,,50
20233,11650620,방배3동,112,4,3,,2,6,,2,,1,7,,,,,,,,,50
20231,11650621,방배4동,156,3,10,,,11,,1,,1,4,,,,1,,,,1,31
20232,11650621,방배4동,156,3,10,,,11,,1,,1,4,,,,1,,,,1,31
20233,11650621,방배4동,156,3,10,,,11,,1,,1,4,,,,1,,,,1,31
20231,11650651,양재1동,263,12,11,,1,20,3,4,1,,1,,,,,,,,2,86
20232,11650651,양재1동,263,12,11,,1,20,3,4,1,,1,,,,,,,,2,86
20233,11650651,양재1동,263,12,11,,1,20,3,4,1,,1,,,,,,,,2,86
20231,11650652,양재2동,147,2,16,,,11,,1,2,1,,,1,,,,,,1,57
20232,11650652,양재2동,147,2,16,,,11,,1,2,1,,,1,,,,,,1,57
20233,11650652,양재2동,147,2,16,,,11,,1,2,1,,,1,,,,,,1,57
20231,11650660,내곡동,161,5,1,,1,2,2,1,,,3,,1,,,,,,1,85
20232,11650660,내곡동,161,5,1,,1,2,2,1,,,3,,1,,,,,,1,85
20233,11650660,내곡동,161,5,1,,1,2,2,1,,,3,,1,,,,,,1,85
20231,11680510,신사동,260,3,14,,,36,2,1,1,2,,1,,1,,,,,1,12
20232,11680510,신사동,260,3,14,,,36,2,1,1,2,,1,,1,,,,,1,12
20233,11680510,신사동,260,3,14,,,36,2,1,1,2,,1,,1,,,,,1,12
20231,11530770,오류1동,122,5,4,,,11,3,1,,,,,,,,,,,1,22
20232,11530770,오류1동,122,5,4,,,11,3,1,,,,,,,,,,,1,22
20233,11530770,오류1동,122,5,4,,,11,3,1,,,,,,,,,,,1,22
20231,11530780,오류2동,209,3,1,,1,9,6,3,2,1,,,,,,,,,1,86
20232,11530780,오류2동,209,3,1,,1,9,6,3,2,1,,,,,,,,,1,86
20233,11530780,오류2동,209,3,1,,1,9,6,3,2,1,,,,,,,,,1,86
20231,11530790,수궁동,154,3,1,,,5,2,1,1,6,,,1,,,,,,3,69
20232,11530790,수궁동,154,3,1,,,5,2,1,1,6,,,1,,,,,,3,69
20233,11530790,수궁동,154,3,1,,,5,2,1,1,6,,,1,,,,,,3,69
20231,11530800,항동,64,1,,,,2,1,1,,,10,,,,,,,,,37
20232,11530800,항동,64,1,,,,2,1,1,,,10,,,,,,,,,37
20233,11530800,항동,64,1,,,,2,1,1,,,10,,,,,,,,,37
20231,11545510,가산동,304,10,25,,1,21,2,,,,,,,1,17,,,,3,111
20232,11545510,가산동,304,10,25,,1,21,2,,,,,,,1,17,,,,3,111
20233,11545510,가산동,304,10,25,,1,21,2,,,,,,,1,17,,,,3,111
20231,11545610,독산1동,217,3,6,,2,17,2,4,3,,,,,1,3,,,,,74
20232,11545610,독산1동,217,3,6,,2,17,2,4,3,,,,,1,3,,,,,74
20233,11545610,독산1동,217,3,6,,2,17,2,4,3,,,,,1,3,,,,,74
20231,11545620,독산2동,73,2,1,,,8,,2,,,1,,,,,,,,,11
20232,11545620,독산2동,73,2,1,,,8,,2,,,1,,,,,,,,,11
20233,11545620,독산2동,73,2,1,,,8,,2,,,1,,,,,,,,,11
20231,11545630,독산3동,119,4,4,,,14,2,2,2,1,,,1,,,,,,,29
20232,11545630,독산3동,119,4,4,,,14,2,2,2,1,,,1,,,,,,,29
20233,11545630,독산3동,119,4,4,,,14,2,2,2,1,,,1,,,,,,,29
20231,11545640,독산4동,64,5,2,,1,4,,1,,,,,,,,,,,,16
20232,11545640,독산4동,64,5,2,,1,4,,1,,,,,,,,,,,,16
20233,11545640,독산4동,64,5,2,,1,4,,1,,,,,,,,,,,,16
20231,11545670,시흥1동,223,9,7,1,2,25,2,3,1,1,,,,,3,,,,1,52
20232,11545670,시흥1동,223,9,7,1,2,25,2,3,1,1,,,,,3,,,,1,52
20233,11545670,시흥1동,223,9,7,1,2,25,2,3,1,1,,,,,3,,,,1,52
20231,11545680,시흥2동,76,2,,,,3,2,3,1,2,,,,,,,,,,30
20232,11545680,시흥2동,76,2,,,,3,2,3,1,2,,,,,,,,,,30
20233,11545680,시흥2동,76,2,,,,3,2,3,1,2,,,,,,,,,,30
20231,11545690,시흥3동,66,3,3,,,5,,1,1,1,,,,,1,,,,,21
20232,11545690,시흥3동,66,3,3,,,5,,1,1,1,,,,,1,,,,,21
20233,11545690,시흥3동,66,3,3,,,5,,1,1,1,,,,,1,,,,,21
20231,11545700,시흥4동,72,1,1,,,6,,1,1,,,,,,,,,,,27
20231,11560620,양평2동,131,8,6,,,7,1,2,1,2,,,,,3,,,,1,35
20232,11560620,양평2동,131,8,6,,,7,1,2,1,2,,,,,3,,,,1,35
20232,11545700,시흥4동,72,1,1,,,6,,1,1,,,,,,,,,,,27
20233,11545700,시흥4동,72,1,1,,,6,,1,1,,,,,,,,,,,27
20231,11545710,시흥5동,106,3,,,,16,2,3,,,,,,,,,,,,37
20232,11545710,시흥5동,106,3,,,,16,2,3,,,,,,,,,,,,37
20233,11545710,시흥5동,106,3,,,,16,2,3,,,,,,,,,,,,37
20231,11560515,영등포본동,94,4,,,,10,2,2,1,2,,,,1,2,,,,1,23
20232,11560515,영등포본동,94,4,,,,10,2,2,1,2,,,,1,2,,,,1,23
20233,11560515,영등포본동,94,4,,,,10,2,2,1,2,,,,1,2,,,,1,23
20231,11560535,영등포동,325,10,17,2,2,37,,1,,,1,,,1,16,,,,1,41
20232,11560535,영등포동,325,10,17,2,2,37,,1,,,1,,,1,16,,,,1,41
20233,11560535,영등포동,325,10,17,2,2,37,,1,,,1,,,1,16,,,,1,41
20231,11560540,여의동,399,23,70,1,,44,,2,2,2,,,,1,,,,,5,61
20232,11560540,여의동,399,23,70,1,,44,,2,2,2,,,,1,,,,,5,61
20233,11560540,여의동,399,23,70,1,,44,,2,2,2,,,,1,,,,,5,61
20231,11560550,당산1동,131,6,5,,1,8,1,,,,,,,,12,,,,2,23
20232,11560550,당산1동,131,6,5,,1,8,1,,,,,,,,12,,,,2,23
20233,11560550,당산1동,131,6,5,,1,8,1,,,,,,,,12,,,,2,23
20231,11560560,당산2동,192,6,4,,,20,3,2,2,,,,,,,,,,2,46
20232,11560560,당산2동,192,6,4,,,20,3,2,2,,,,,,,,,,2,46
20233,11560560,당산2동,192,6,4,,,20,3,2,2,,,,,,,,,,2,46
20231,11560585,도림동,66,2,,,,6,2,,,,,,,,,,,,,28
20232,11560585,도림동,66,2,,,,6,2,,,,,,,,,,,,,28
20233,11560585,도림동,66,2,,,,6,2,,,,,,,,,,,,,28
20231,11560605,문래동,185,8,9,,,17,,3,2,,,,,,2,,,,1,56
20232,11560605,문래동,185,8,9,,,17,,3,2,,,,,,2,,,,1,56
20233,11560605,문래동,185,8,9,,,17,,3,2,,,,,,2,,,,1,56
20231,11560610,양평1동,87,5,3,,1,6,,1,,1,,,,,1,,,,1,22
20232,11560610,양평1동,87,5,3,,1,6,,1,,1,,,,,1,,,,1,22
20233,11560610,양평1동,87,5,3,,1,6,,1,,1,,,,,1,,,,1,22
20233,11560620,양평2동,131,8,6,,,7,1,2,1,2,,,,,3,,,,1,35
20231,11560630,신길1동,85,1,2,1,1,13,,1,,,,,,,4,,,,2,25
20232,11560630,신길1동,85,1,2,1,1,13,,1,,,,,,,4,,,,2,25
20233,11560630,신길1동,85,1,2,1,1,13,,1,,,,,,,4,,,,2,25
20231,11560650,신길3동,102,3,5,,1,12,3,1,,,,,,,2,,,,,32
20232,11560650,신길3동,102,3,5,,1,12,3,1,,,,,,,2,,,,,32
20233,11560650,신길3동,102,3,5,,1,12,3,1,,,,,,,2,,,,,32
20231,11560660,신길4동,43,1,1,,,2,2,1,,,,,,,,,,,,13
20232,11560660,신길4동,43,1,1,,,2,2,1,,,,,,,,,,,,13
20233,11560660,신길4동,43,1,1,,,2,2,1,,,,,,,,,,,,13
20231,11560670,신길5동,66,3,,,,,1,1,1,1,,,,,5,,,,,31
20232,11560670,신길5동,66,3,,,,,1,1,1,1,,,,,5,,,,,31
20233,11560670,신길5동,66,3,,,,,1,1,1,1,,,,,5,,,,,31
20233,11590520,노량진2동,72,5,4,,1,14,1,,,,,,,,1,,,,,14
20231,11590530,상도1동,201,5,4,,1,16,2,2,1,,23,,,,,,,,2,47
20231,11560680,신길6동,123,4,1,,1,14,1,1,,1,,,1,,2,,,,1,29
20232,11560680,신길6동,123,4,1,,1,14,1,1,,1,,,1,,2,,,,1,29
20233,11560680,신길6동,123,4,1,,1,14,1,1,,1,,,1,,2,,,,1,29
20231,11560690,신길7동,78,5,1,,,7,1,1,,,,,,,1,,,,1,32
20232,11560690,신길7동,78,5,1,,,7,1,1,,,,,,,1,,,,1,32
20233,11560690,신길7동,78,5,1,,,7,1,1,,,,,,,1,,,,1,32
20231,11560700,대림1동,81,2,4,2,,18,,1,1,,,,2,,3,,,,,16
20232,11560700,대림1동,81,2,4,2,,18,,1,1,,,,2,,3,,,,,16
20233,11560700,대림1동,81,2,4,2,,18,,1,1,,,,2,,3,,,,,16
20231,11560710,대림2동,86,4,2,1,,16,,2,,,1,,,,1,,,,,13
20232,11560710,대림2동,86,4,2,1,,16,,2,,,1,,,,1,,,,,13
20233,11560710,대림2동,86,4,2,1,,16,,2,,,1,,,,1,,,,,13
20231,11560720,대림3동,126,2,7,,1,11,3,2,1,,2,,1,,,,,,2,46
20232,11560720,대림3동,126,2,7,,1,11,3,2,1,,2,,1,,,,,,2,46
20233,11560720,대림3동,126,2,7,,1,11,3,2,1,,2,,1,,,,,,2,46
20231,11590510,노량진1동,180,5,4,,,14,2,3,1,,1,,,,2,,,,3,57
20232,11590510,노량진1동,180,5,4,,,14,2,3,1,,1,,,,2,,,,3,57
20233,11590510,노량진1동,180,5,4,,,14,2,3,1,,1,,,,2,,,,3,57
20231,11590520,노량진2동,72,5,4,,1,14,1,,,,,,,,1,,,,,14
20232,11590520,노량진2동,72,5,4,,1,14,1,,,,,,,,1,,,,,14
20232,11590530,상도1동,201,5,4,,1,16,2,2,1,,23,,,,,,,,2,47
20233,11590530,상도1동,201,5,4,,1,16,2,2,1,,23,,,,,,,,2,47
20231,11590540,상도2동,154,6,3,,,16,1,1,1,,,,1,,1,,,,1,41
20232,11590540,상도2동,154,6,3,,,16,1,1,1,,,,1,,1,,,,1,41
20233,11590540,상도2동,154,6,3,,,16,1,1,1,,,,1,,1,,,,1,41
20231,11590550,상도3동,113,2,2,,,11,,,1,,,,1,,,,,,,36
20232,11590550,상도3동,113,2,2,,,11,,,1,,,,1,,,,,,,36
20233,11590550,상도3동,113,2,2,,,11,,,1,,,,1,,,,,,,36
20231,11590560,상도4동,112,3,1,,1,11,4,1,1,,,,,1,,,,,,36
20232,11590560,상도4동,112,3,1,,1,11,4,1,1,,,,,1,,,,,,36
20233,11590560,상도4동,112,3,1,,1,11,4,1,1,,,,,1,,,,,,36
20231,11590605,흑석동,195,6,6,1,,24,5,3,2,,16,,,,1,,,,1,50
20232,11590605,흑석동,195,6,6,1,,24,5,3,2,,16,,,,1,,,,1,50
20233,11590605,흑석동,195,6,6,1,,24,5,3,2,,16,,,,1,,,,1,50
20231,11590620,사당1동,126,4,6,,2,12,1,1,,,1,,,1,1,,,,2,13
20232,11590620,사당1동,126,4,6,,2,12,1,1,,,1,,,1,1,,,,2,13
20233,11590620,사당1동,126,4,6,,2,12,1,1,,,1,,,1,1,,,,2,13
20231,11590630,사당2동,179,3,2,,,14,,1,1,2,,,,,2,,,,4,36
20232,11590630,사당2동,179,3,2,,,14,,1,1,2,,,,,2,,,,4,36
20233,11590630,사당2동,179,3,2,,,14,,1,1,2,,,,,2,,,,4,36
20231,11590640,사당3동,88,3,1,,,5,,2,1,,3,,1,,,,,,1,30
20232,11590640,사당3동,88,3,1,,,5,,2,1,,3,,1,,,,,,1,30
20233,11590640,사당3동,88,3,1,,,5,,2,1,,3,,1,,,,,,1,30
20231,11590650,사당4동,62,2,1,,,6,,,1,,,,1,,,,,,,4
20232,11590650,사당4동,62,2,1,,,6,,,1,,,,1,,,,,,,4
20233,11590650,사당4동,62,2,1,,,6,,,1,,,,1,,,,,,,4
20231,11590651,사당5동,61,4,,,,3,1,2,1,1,,,,,,,,,,28
20232,11590651,사당5동,61,4,,,,3,1,2,1,1,,,,,,,,,,28
20233,11590651,사당5동,61,4,,,,3,1,2,1,1,,,,,,,,,,28
20231,11590660,대방동,199,5,5,,,16,3,3,4,4,,,,,,,,,2,61
20232,11590660,대방동,199,5,5,,,16,3,3,4,4,,,,,,,,,2,61
20233,11590660,대방동,199,5,5,,,16,3,3,4,4,,,,,,,,,2,61
20231,11590670,신대방1동,83,3,1,,,10,3,1,1,,1,,,,,,,,1,15
20232,11590670,신대방1동,83,3,1,,,10,3,1,1,,1,,,,,,,,1,15
20233,11590670,신대방1동,83,3,1,,,10,3,1,1,,1,,,,,,,,1,15
20231,11590680,신대방2동,109,7,7,1,,16,,1,1,1,,,,,,,,,,29
20232,11590680,신대방2동,109,7,7,1,,16,,1,1,1,,,,,,,,,,29
20233,11590680,신대방2동,109,7,7,1,,16,,1,1,1,,,,,,,,,,29
20231,11620525,보라매동,83,1,1,,,5,,1,1,1,,,,,,,,,,25
20232,11620525,보라매동,83,1,1,,,5,,1,1,1,,,,,,,,,,25
20233,11620525,보라매동,83,1,1,,,5,,1,1,1,,,,,,,,,,25
20231,11620545,청림동,50,2,,,,4,2,,,,,,,,2,,,,,7
20232,11620545,청림동,50,2,,,,4,2,,,,,,,,2,,,,,7
20233,11620545,청림동,50,2,,,,4,2,,,,,,,,2,,,,,7
20231,11620565,성현동,104,4,,,,6,3,2,1,1,,,,,,,,,,38
20232,11620565,성현동,104,4,,,,6,3,2,1,1,,,,,,,,,,38
20233,11620565,성현동,104,4,,,,6,3,2,1,1,,,,,,,,,,38
20231,11620575,행운동,111,3,3,1,2,12,1,2,2,1,,,,,,,,,,15
20232,11620575,행운동,111,3,3,1,2,12,1,2,2,1,,,,,,,,,,15
20233,11620575,행운동,111,3,3,1,2,12,1,2,2,1,,,,,,,,,,15
20231,11620585,낙성대동,148,2,3,,,10,,1,,,37,,,,2,,,,,37
20232,11620585,낙성대동,148,2,3,,,10,,1,,,37,,,,2,,,,,37
20233,11620585,낙성대동,148,2,3,,,10,,1,,,37,,,,2,,,,,37
20231,11620595,청룡동,147,5,6,,1,23,,2,2,3,,,1,1,1,,,,1,15
20232,11620595,청룡동,147,5,6,,1,23,,2,2,3,,,1,1,1,,,,1,15
20233,11620595,청룡동,147,5,6,,1,23,,2,2,3,,,1,1,1,,,,1,15
20231,11620605,은천동,123,6,,,,9,3,1,,1,,,,,,,,,,43
20232,11620605,은천동,123,6,,,,9,3,1,,1,,,,,,,,,,43
20233,11620605,은천동,123,6,,,,9,3,1,,1,,,,,,,,,,43
20231,11620615,중앙동,83,1,3,,1,14,,1,,,,,,,,,,,1,12
20232,11620615,중앙동,83,1,3,,1,14,,1,,,,,,,,,,,1,12
20233,11620615,중앙동,83,1,3,,1,14,,1,,,,,,,,,,,1,12
20231,11620625,인헌동,105,2,5,,,14,1,,1,1,,,2,,,,,,1,23
20232,11620625,인헌동,105,2,5,,,14,1,,1,1,,,2,,,,,,1,23
20233,11620625,인헌동,105,2,5,,,14,1,,1,1,,,2,,,,,,1,23
20231,11620630,남현동,70,3,1,,,6,1,1,,,1,,,,,,,,,6
20232,11620630,남현동,70,3,1,,,6,1,1,,,1,,,,,,,,,6
20233,11620630,남현동,70,3,1,,,6,1,1,,,1,,,,,,,,,6
20231,11620645,서원동,94,3,1,1,1,9,,,1,,,,,1,,,,,,27
20232,11620645,서원동,94,3,1,1,1,9,,,1,,,,,1,,,,,,27
20233,11620645,서원동,94,3,1,1,1,9,,,1,,,,,1,,,,,,27
20231,11620655,신원동,54,6,1,,,7,,1,,,1,,,,,,,,,10
20232,11620655,신원동,54,6,1,,,7,,1,,,1,,,,,,,,,10
20233,11620655,신원동,54,6,1,,,7,,1,,,1,,,,,,,,,10
20231,11620665,서림동,74,2,,,,5,1,1,1,,,,,,,,,,,34
20232,11620665,서림동,74,2,,,,5,1,1,1,,,,,,,,,,,34
20233,11620665,서림동,74,2,,,,5,1,1,1,,,,,,,,,,,34
20231,11620685,신사동,79,3,2,,1,10,1,1,,,1,,1,,,,,,,21
20232,11620685,신사동,79,3,2,,1,10,1,1,,,1,,1,,,,,,,21
20233,11620685,신사동,79,3,2,,1,10,1,1,,,1,,1,,,,,,,21
20231,11620695,신림동,168,2,3,,,17,,,,,,,,,4,,,,1,16
20232,11620695,신림동,168,2,3,,,17,,,,,,,,,4,,,,1,16
20233,11620695,신림동,168,2,3,,,17,,,,,,,,,4,,,,1,16
20231,11620715,난향동,68,1,,,,5,,1,,,,,,,,,,,,34
20232,11620715,난향동,68,1,,,,5,,1,,,,,,,,,,,,34
20233,11620715,난향동,68,1,,,,5,,1,,,,,,,,,,,,34
20231,11620725,조원동,96,3,1,,1,12,,1,,,,,1,,,,,,,30
20232,11620725,조원동,96,3,1,,1,12,,1,,,,,1,,,,,,,30
20233,11620725,조원동,96,3,1,,1,12,,1,,,,,1,,,,,,,30
20231,11620735,대학동,283,5,6,,,11,,1,1,2,140,,,,,,,,,73
20232,11620735,대학동,283,5,6,,,11,,1,1,2,140,,,,,,,,,73
20233,11620735,대학동,283,5,6,,,11,,1,1,2,140,,,,,,,,,73
20231,11620745,삼성동,94,3,,,,7,,2,,1,,,,,3,,,,,44
20232,11620745,삼성동,94,3,,,,7,,2,,1,,,,,3,,,,,44
20233,11620745,삼성동,94,3,,,,7,,2,,1,,,,,3,,,,,44
20231,11620765,미성동,126,3,3,,1,11,1,2,2,2,,,,,1,,,,,44
20232,11620765,미성동,126,3,3,,1,11,1,2,2,2,,,,,1,,,,,44
20233,11620765,미성동,126,3,3,,1,11,1,2,2,2,,,,,1,,,,,44
20231,11620775,난곡동,95,2,1,,,11,2,1,2,1,,,1,,,,,,,28
20232,11620775,난곡동,95,2,1,,,11,2,1,2,1,,,1,,,,,,,28
20233,11620775,난곡동,95,2,1,,,11,2,1,2,1,,,1,,,,,,,28
20231,11650510,서초1동,194,4,10,,1,14,,2,,,13,,,,,,,,2,38
20232,11650510,서초1동,194,4,10,,1,14,,2,,,13,,,,,,,,2,38
20233,11650510,서초1동,194,4,10,,1,14,,2,,,13,,,,,,,,2,38
20231,11500605,가양3동,52,3,,,,4,3,2,1,1,,,,,,,,,1,13
20232,11500605,가양3동,52,3,,,,4,3,2,1,1,,,,,,,,,1,13
20233,11500605,가양3동,52,3,,,,4,3,2,1,1,,,,,,,,,1,13
20231,11500611,발산1동,246,3,9,1,2,33,2,3,4,8,,,1,,,,,,,63
20232,11500611,발산1동,246,3,9,1,2,33,2,3,4,8,,,1,,,,,,,63
20233,11500611,발산1동,246,3,9,1,2,33,2,3,4,8,,,1,,,,,,,63
20231,11500615,우장산동,158,4,4,,3,12,3,2,,,5,,,,,,,,1,33
20232,11500615,우장산동,158,4,4,,3,12,3,2,,,5,,,,,,,,1,33
20233,11500615,우장산동,158,4,4,,3,12,3,2,,,5,,,,,,,,1,33
20231,11500620,공항동,176,6,7,1,,11,1,2,2,,4,,,,,21,,,2,39
20232,11500620,공항동,176,6,7,1,,11,1,2,2,,4,,,,,21,,,2,39
20233,11500620,공항동,176,6,7,1,,11,1,2,2,,4,,,,,21,,,2,39
20231,11500630,방화1동,200,2,3,,2,21,4,3,1,3,,,,,1,,,,1,46
20232,11500630,방화1동,200,2,3,,2,21,4,3,1,3,,,,,1,,,,1,46
20233,11500630,방화1동,200,2,3,,2,21,4,3,1,3,,,,,1,,,,1,46
20231,11500640,방화2동,124,4,,,,7,3,1,1,,,,2,1,,4,,,5,37
20232,11500640,방화2동,124,4,,,,7,3,1,1,,,,2,1,,4,,,5,37
20233,11500640,방화2동,124,4,,,,7,3,1,1,,,,2,1,,4,,,5,37
20231,11500641,방화3동,83,5,1,,,5,2,3,2,1,1,,,,,,,,1,22
20232,11500641,방화3동,83,5,1,,,5,2,3,2,1,1,,,,,,,,1,22
20233,11500641,방화3동,83,5,1,,,5,2,3,2,1,1,,,,,,,,1,22
20231,11530510,신도림동,168,5,4,,,12,2,1,1,1,1,,2,1,1,,,,3,43
20232,11530510,신도림동,168,5,4,,,12,2,1,1,1,1,,2,1,1,,,,3,43
20233,11530510,신도림동,168,5,4,,,12,2,1,1,1,1,,2,1,1,,,,3,43
20231,11530520,구로1동,88,4,1,,,5,3,1,1,1,,,4,,,,,,,25
20232,11530520,구로1동,88,4,1,,,5,3,1,1,1,,,4,,,,,,,25
20233,11530520,구로1동,88,4,1,,,5,3,1,1,1,,,4,,,,,,,25
20231,11530530,구로2동,197,6,12,1,1,21,1,1,,1,,,7,,16,,,,1,48
20232,11530530,구로2동,197,6,12,1,1,21,1,1,,1,,,7,,16,,,,1,48
20233,11530530,구로2동,197,6,12,1,1,21,1,1,,1,,,7,,16,,,,1,48
20231,11530540,구로3동,187,7,18,,,15,1,2,1,,,,,,5,,,,2,47
20232,11530540,구로3동,187,7,18,,,15,1,2,1,,,,,,5,,,,2,47
20233,11530540,구로3동,187,7,18,,,15,1,2,1,,,,,,5,,,,2,47
20231,11530550,구로4동,139,5,3,,,15,2,1,1,,,,1,,19,,,,,13
20232,11530550,구로4동,139,5,3,,,15,2,1,1,,,,1,,19,,,,,13
20233,11530550,구로4동,139,5,3,,,15,2,1,1,,,,1,,19,,,,,13
20231,11530560,구로5동,167,5,4,,2,18,,3,1,1,2,1,,3,,,,,1,49
20232,11530560,구로5동,167,5,4,,2,18,,3,1,1,2,1,,3,,,,,1,49
20233,11530560,구로5동,167,5,4,,2,18,,3,1,1,2,1,,3,,,,,1,49
20232,11530595,가리봉동,74,,,,,6,,1,,1,,,,,23,,,,,8
20233,11530595,가리봉동,74,,,,,6,,1,,1,,,,,23,,,,,8
20231,11530720,고척1동,135,5,4,1,1,9,,3,1,1,12,,8,,4,,,,,31
20232,11530720,고척1동,135,5,4,1,1,9,,3,1,1,12,,8,,4,,,,,31
20233,11530720,고척1동,135,5,4,1,1,9,,3,1,1,12,,8,,4,,,,,31
20231,11530730,고척2동,128,5,2,,1,11,,2,1,1,,,,,,,,,,40
20232,11530730,고척2동,128,5,2,,1,11,,2,1,1,,,,,,,,,,40
20233,11530730,고척2동,128,5,2,,1,11,,2,1,1,,,,,,,,,,40
20231,11530740,개봉1동,163,5,3,,1,11,2,1,2,,4,,1,,,,,,1,57
20232,11530740,개봉1동,163,5,3,,1,11,2,1,2,,4,,1,,,,,,1,57
20233,11530740,개봉1동,163,5,3,,1,11,2,1,2,,4,,1,,,,,,1,57
20231,11530750,개봉2동,116,3,3,,,10,2,,,,,,1,1,,,,,,26
20232,11530750,개봉2동,116,3,3,,,10,2,,,,,,1,1,,,,,,26
20233,11530750,개봉2동,116,3,3,,,10,2,,,,,,1,1,,,,,,26
20231,11530760,개봉3동,81,3,2,,,9,1,3,1,,,,1,1,,,,,,23
20232,11530760,개봉3동,81,3,2,,,9,1,3,1,,,,1,1,,,,,,23
20233,11530760,개봉3동,81,3,2,,,9,1,3,1,,,,1,1,,,,,,23
20231,11500530,등촌2동,58,3,,,1,6,2,2,2,2,,,,,,,,,,8
20232,11500530,등촌2동,58,3,,,1,6,2,2,2,2,,,,,,,,,,8
20233,11500530,등촌2동,58,3,,,1,6,2,2,2,2,,,,,,,,,,8
20231,11500535,등촌3동,184,6,3,1,2,18,2,5,2,4,,,,1,,,,,,55
20232,11500535,등촌3동,184,6,3,1,2,18,2,5,2,4,,,,1,,,,,,55
20233,11500535,등촌3동,184,6,3,1,2,18,2,5,2,4,,,,1,,,,,,55
20231,11500540,화곡1동,226,3,2,,2,26,,2,1,,,,,1,,,,,2,27
20232,11500540,화곡1동,226,3,2,,2,26,,2,1,,,,,1,,,,,2,27
20233,11500540,화곡1동,226,3,2,,2,26,,2,1,,,,,1,,,,,2,27
20231,11650540,잠원동,135,3,8,,,13,1,1,1,,,,,,,,,,2,23
20231,11530595,가리봉동,74,,,,,6,,1,,1,,,,,23,,,,,8
20232,11650540,잠원동,135,3,8,,,13,1,1,1,,,,,,,,,,2,23
20233,11650540,잠원동,135,3,8,,,13,1,1,1,,,,,,,,,,2,23
20231,11650550,반포본동,33,1,3,,,2,,1,2,2,,,1,,,,,,1,5
20232,11650550,반포본동,33,1,3,,,2,,1,2,2,,,1,,,,,,1,5
20233,11650550,반포본동,33,1,3,,,2,,1,2,2,,,1,,,,,,1,5
20231,11650560,반포1동,140,6,6,,1,20,1,2,1,1,,,,,,,,,1,26
20232,11650560,반포1동,140,6,6,,1,20,1,2,1,1,,,,,,,,,1,26
20233,11650560,반포1동,140,6,6,,1,20,1,2,1,1,,,,,,,,,1,26
20231,11650570,반포2동,74,4,5,,,5,,2,1,,,,1,,,,,,1,25
20232,11650570,반포2동,74,4,5,,,5,,2,1,,,,1,,,,,,1,25
20233,11650570,반포2동,74,4,5,,,5,,2,1,,,,1,,,,,,1,25
20231,11650580,반포3동,109,3,7,,,11,,1,1,,,,,,,,,,,18
20232,11650580,반포3동,109,3,7,,,11,,1,1,,,,,,,,,,,18
20233,11650580,반포3동,109,3,7,,,11,,1,1,,,,,,,,,,,18
20231,11650581,반포4동,130,7,12,1,,12,,,1,,3,,,1,,,,,3,33
20232,11650581,반포4동,130,7,12,1,,12,,,1,,3,,,1,,,,,3,33
20233,11650581,반포4동,130,7,12,1,,12,,,1,,3,,,1,,,,,3,33
20231,11650590,방배본동,103,2,6,,,16,,1,,,,,1,,,,,,,25
20232,11650590,방배본동,103,2,6,,,16,,1,,,,,1,,,,,,,25
20233,11650590,방배본동,103,2,6,,,16,,1,,,,,1,,,,,,,25
20231,11710562,방이2동,164,3,5,,,18,,1,1,,,,,,,,,,1,13
20232,11710562,방이2동,164,3,5,,,18,,1,1,,,,,,,,,,1,13
20233,11710562,방이2동,164,3,5,,,18,,1,1,,,,,,,,,,1,13
20231,11710566,오륜동,74,4,6,,,6,1,2,2,3,11,,,,,,,,3,15
20232,11710566,오륜동,74,4,6,,,6,1,2,2,3,11,,,,,,,,3,15
20233,11710566,오륜동,74,4,6,,,6,1,2,2,3,11,,,,,,,,3,15
20231,11710570,오금동,134,5,5,,,13,3,3,4,2,,,,,,,,,3,27
20232,11710570,오금동,134,5,5,,,13,3,3,4,2,,,,,,,,,3,27
20233,11710570,오금동,134,5,5,,,13,3,3,4,2,,,,,,,,,3,27
20231,11710580,송파1동,102,2,4,,3,14,1,1,,,,,,,,,,,2,13
20232,11710580,송파1동,102,2,4,,3,14,1,1,,,,,,,,,,,2,13
20233,11710580,송파1동,102,2,4,,3,14,1,1,,,,,,,,,,,2,13
20231,11680521,논현1동,300,4,15,,4,42,,1,,,,,1,8,,,,,3,23
20232,11680521,논현1동,300,4,15,,4,42,,1,,,,,1,8,,,,,3,23
20233,11680521,논현1동,300,4,15,,4,42,,1,,,,,1,8,,,,,3,23
20231,11680531,논현2동,240,8,16,,5,29,1,1,1,,4,,,2,,,,,1,33
20232,11680531,논현2동,240,8,16,,5,29,1,1,1,,4,,,2,,,,,1,33
20233,11680531,논현2동,240,8,16,,5,29,1,1,1,,4,,,2,,,,,1,33
20231,11680545,압구정동,313,4,25,,5,30,1,1,2,2,,2,1,3,,,,,2,18
20232,11680545,압구정동,313,4,25,,5,30,1,1,2,2,,2,1,3,,,,,2,18
20233,11680545,압구정동,313,4,25,,5,30,1,1,2,2,,2,1,3,,,,,2,18
20231,11680565,청담동,288,11,19,,4,27,2,2,1,1,1,,,,,,,,3,23
20232,11680565,청담동,288,11,19,,4,27,2,2,1,1,1,,,,,,,,3,23
20233,11680565,청담동,288,11,19,,4,27,2,2,1,1,1,,,,,,,,3,23
20231,11680580,삼성1동,199,6,26,,3,13,1,1,1,1,,1,,1,,,,,3,38
20232,11680580,삼성1동,199,6,26,,3,13,1,1,1,1,,1,,1,,,,,3,38
20233,11680580,삼성1동,199,6,26,,3,13,1,1,1,1,,1,,1,,,,,3,38
20231,11680590,삼성2동,177,10,11,,,11,,1,1,,1,,,,,,,,4,28
20232,11680590,삼성2동,177,10,11,,,11,,1,1,,1,,,,,,,,4,28
20233,11680590,삼성2동,177,10,11,,,11,,1,1,,1,,,,,,,,4,28
20231,11680600,대치1동,130,4,11,,,13,1,1,1,2,1,,,,,,,,,24
20232,11680600,대치1동,130,4,11,,,13,1,1,1,2,1,,,,,,,,,24
20233,11680600,대치1동,130,4,11,,,13,1,1,1,2,1,,,,,,,,,24
20231,11680610,대치2동,210,6,26,,2,20,,2,1,1,,,,,,,,,2,39
20232,11680610,대치2동,210,6,26,,2,20,,2,1,1,,,,,,,,,2,39
20233,11680610,대치2동,210,6,26,,2,20,,2,1,1,,,,,,,,,2,39
20231,11710520,풍납2동,125,5,5,1,,26,2,2,3,1,3,,,,,,,,1,24
20232,11710520,풍납2동,125,5,5,1,,26,2,2,3,1,3,,,,,,,,1,24
20233,11710520,풍납2동,125,5,5,1,,26,2,2,3,1,3,,,,,,,,1,24
20231,11710531,거여1동,48,2,,,,2,,1,,1,,,,,1,,,,1,6
20232,11710531,거여1동,48,2,,,,2,,1,,1,,,,,1,,,,1,6
20233,11710531,거여1동,48,2,,,,2,,1,,1,,,,,1,,,,1,6
20231,11710532,거여2동,78,3,3,,1,12,1,1,1,,,,,,,,,,,11
20232,11710532,거여2동,78,3,3,,1,12,1,1,1,,,,,,,,,,,11
20233,11710532,거여2동,78,3,3,,1,12,1,1,1,,,,,,,,,,,11
20231,11710540,마천1동,73,4,1,,,8,1,1,,,,,,,1,,,,1,15
20232,11710540,마천1동,73,4,1,,,8,1,1,,,,,,,1,,,,1,15
20233,11710540,마천1동,73,4,1,,,8,1,1,,,,,,,1,,,,1,15
20231,11710550,마천2동,93,3,2,,,14,,1,,,,,,,,,,,,12
20232,11710550,마천2동,93,3,2,,,14,,1,,,,,,,,,,,,12
20233,11710550,마천2동,93,3,2,,,14,,1,,,,,,,,,,,,12
20231,11710561,방이1동,73,2,1,,,10,2,2,1,1,,,,,,,,,1,11
20232,11710561,방이1동,73,2,1,,,10,2,2,1,1,,,,,,,,,1,11
20233,11710561,방이1동,73,2,1,,,10,2,2,1,1,,,,,,,,,1,11
20231,11650520,서초2동,217,8,26,,,24,,1,1,1,,,,,1,,,,2,47
20232,11650520,서초2동,217,8,26,,,24,,1,1,1,,,,,1,,,,2,47
20233,11650520,서초2동,217,8,26,,,24,,1,1,1,,,,,1,,,,2,47
20231,11650530,서초3동,332,25,30,,3,30,1,1,1,3,2,,,,,,,1,2,77
20232,11650530,서초3동,332,25,30,,3,30,1,1,1,3,2,,,,,,,1,2,77
20233,11650530,서초3동,332,25,30,,3,30,1,1,1,3,2,,,,,,,1,2,77
20231,11650531,서초4동,257,2,13,,1,31,2,2,1,,,,,1,,,,,,36
20232,11650531,서초4동,257,2,13,,1,31,2,2,1,,,,,1,,,,,,36
20233,11650531,서초4동,257,2,13,,1,31,2,2,1,,,,,1,,,,,,36
20231,11680630,대치4동,159,4,12,1,1,18,,1,,,1,1,,,,,,,,14
20232,11680630,대치4동,159,4,12,1,1,18,,1,,,1,1,,,,,,,,14
20233,11680630,대치4동,159,4,12,1,1,18,,1,,,1,1,,,,,,,,14
20231,11680640,역삼1동,542,15,49,1,3,64,1,1,,,,,,3,1,,,,1,44
20232,11680640,역삼1동,542,15,49,1,3,64,1,1,,,,,,3,1,,,,1,44
20233,11680640,역삼1동,542,15,49,1,3,64,1,1,,,,,,3,1,,,,1,44
20231,11680650,역삼2동,195,3,14,,2,25,,1,2,1,1,,,,,,,,,31
20232,11680650,역삼2동,195,3,14,,2,25,,1,2,1,1,,,,,,,,,31
20233,11680650,역삼2동,195,3,14,,2,25,,1,2,1,1,,,,,,,,,31
20231,11680655,도곡1동,142,4,9,1,4,20,2,1,2,1,,,,,,,,,1,27
20232,11680655,도곡1동,142,4,9,1,4,20,2,1,2,1,,,,,,,,,1,27
20233,11680655,도곡1동,142,4,9,1,4,20,2,1,2,1,,,,,,,,,1,27
20231,11680656,도곡2동,118,7,23,,,10,2,1,1,2,,,,,,,,,3,25
20232,11680656,도곡2동,118,7,23,,,10,2,1,1,2,,,,,,,,,3,25
20233,11680656,도곡2동,118,7,23,,,10,2,1,1,2,,,,,,,,,3,25
20231,11680660,개포1동,38,1,1,,,1,,1,2,,,,,,,,,,,29
20232,11680660,개포1동,38,1,1,,,1,,1,2,,,,,,,,,,,29
20233,11680660,개포1동,38,1,1,,,1,,1,2,,,,,,,,,,,29
20231,11680670,개포2동,135,3,3,,,9,5,4,1,3,,,,,,,,,3,50
20232,11680670,개포2동,135,3,3,,,9,5,4,1,3,,,,,,,,,3,50
20233,11680670,개포2동,135,3,3,,,9,5,4,1,3,,,,,,,,,3,50
20231,11680690,개포4동,115,3,4,,,7,,2,1,1,,,,,,,,,,49
20232,11680690,개포4동,115,3,4,,,7,,2,1,1,,,,,,,,,,49
20233,11680690,개포4동,115,3,4,,,7,,2,1,1,,,,,,,,,,49
20231,11680700,세곡동,191,4,1,,,9,3,4,1,1,,,,,,,,,,95
20232,11680700,세곡동,191,4,1,,,9,3,4,1,1,,,,,,,,,,95
20233,11680700,세곡동,191,4,1,,,9,3,4,1,1,,,,,,,,,,95
20231,11710590,송파2동,79,3,1,,,11,3,1,2,3,,,,,,,,,,7
20232,11710590,송파2동,79,3,1,,,11,3,1,2,3,,,,,,,,,,7
20233,11710590,송파2동,79,3,1,,,11,3,1,2,3,,,,,,,,,,7
20231,11710600,석촌동,159,3,7,,2,27,3,2,,,,,,,,,,,,20
20232,11710600,석촌동,159,3,7,,2,27,3,2,,,,,,,,,,,,20
20233,11710600,석촌동,159,3,7,,2,27,3,2,,,,,,,,,,,,20
20231,11710632,가락2동,143,3,6,,,17,4,2,1,,,,,,,,,,1,22
20232,11710632,가락2동,143,3,6,,,17,4,2,1,,,,,,,,,,1,22
20233,11710632,가락2동,143,3,6,,,17,4,2,1,,,,,,,,,,1,22
20231,11710641,문정1동,70,3,1,,,5,1,1,1,,,,,,,,,,,19
20232,11710641,문정1동,70,3,1,,,5,1,1,1,,,,,,,,,,,19
20233,11710641,문정1동,70,3,1,,,5,1,1,1,,,,,,,,,,,19
20231,11710642,문정2동,149,10,12,,1,22,,1,,,,,,2,,,,,3,14
20232,11710642,문정2동,149,10,12,,1,22,,1,,,,,,2,,,,,3,14
20233,11710642,문정2동,149,10,12,,1,22,,1,,,,,,2,,,,,3,14
20231,11710646,장지동,136,4,3,,,10,1,2,1,3,,,,1,,,,,1,41
20232,11710646,장지동,136,4,3,,,10,1,2,1,3,,,,1,,,,,1,41
20233,11710646,장지동,136,4,3,,,10,1,2,1,3,,,,1,,,,,1,41
20231,11710647,위례동,84,3,1,,,5,2,2,1,,,,,,,,,,,32
20232,11710647,위례동,84,3,1,,,5,2,2,1,,,,,,,,,,,32
20233,11710647,위례동,84,3,1,,,5,2,2,1,,,,,,,,,,,32
20231,11710650,잠실본동,192,5,9,,1,24,,1,,,,,,,,,,,1,12
20232,11710650,잠실본동,192,5,9,,1,24,,1,,,,,,,,,,,1,12
20233,11710650,잠실본동,192,5,9,,1,24,,1,,,,,,,,,,,1,12
20231,11710670,잠실2동,91,4,6,,,14,1,2,2,2,,,,,,,,,1,5
20232,11710670,잠실2동,91,4,6,,,14,1,2,2,2,,,,,,,,,1,5
20233,11710670,잠실2동,91,4,6,,,14,1,2,2,2,,,,,,,,,1,5
20231,11710680,잠실3동,103,5,9,,,11,1,3,,1,,,,,,,,,,16
20232,11710680,잠실3동,103,5,9,,,11,1,3,,1,,,,,,,,,,16
20233,11710680,잠실3동,103,5,9,,,11,1,3,,1,,,,,,,,,,16
20231,11710690,잠실4동,74,3,3,,,10,1,2,,1,,,,,,,,,2,7
20232,11710690,잠실4동,74,3,3,,,10,1,2,,1,,,,,,,,,2,7
20233,11710690,잠실4동,74,3,3,,,10,1,2,,1,,,,,,,,,2,7
20231,11710710,잠실6동,144,4,17,,1,23,,1,1,,,,,1,,,,,2,13
20232,11710710,잠실6동,144,4,17,,1,23,,1,1,,,,,1,,,,,2,13
20233,11710710,잠실6동,144,4,17,,1,23,,1,1,,,,,1,,,,,2,13
20231,11710720,잠실7동,30,2,4,,,4,,1,2,1,,,,,,,,,2,3
20232,11710720,잠실7동,30,2,4,,,4,,1,2,1,,,,,,,,,2,3
20233,11710720,잠실7동,30,2,4,,,4,,1,2,1,,,,,,,,,2,3
20231,11740515,강일동,187,5,3,,,12,2,2,2,1,,,,,,,,,3,79
20232,11740515,강일동,187,5,3,,,12,2,2,2,1,,,,,,,,,3,79
20233,11740515,강일동,187,5,3,,,12,2,2,2,1,,,,,,,,,3,79
20231,11740520,상일동,105,4,2,1,,8,4,2,2,5,,,,,,,,,,37
20232,11740520,상일동,105,4,2,1,,8,4,2,2,5,,,,,,,,,,37
20233,11740520,상일동,105,4,2,1,,8,4,2,2,5,,,,,,,,,,37
20231,11740530,명일1동,151,5,6,,2,17,,1,,,,,,,,,,,1,22
20232,11740530,명일1동,151,5,6,,2,17,,1,,,,,,,,,,,1,22
20233,11740530,명일1동,151,5,6,,2,17,,1,,,,,,,,,,,1,22
20231,11740540,명일2동,107,3,6,,,18,4,2,,1,,,,,,,,,,18
20232,11740540,명일2동,107,3,6,,,18,4,2,,1,,,,,,,,,,18
20233,11740540,명일2동,107,3,6,,,18,4,2,,1,,,,,,,,,,18
20231,11740550,고덕1동,92,3,,,,4,1,2,1,1,,,,,,,,,1,26
20232,11740550,고덕1동,92,3,,,,4,1,2,1,1,,,,,,,,,1,26
20233,11740550,고덕1동,92,3,,,,4,1,2,1,1,,,,,,,,,1,26
20231,11740560,고덕2동,78,3,1,,,9,1,2,1,2,,,,,,,,,1,25
20232,11740560,고덕2동,78,3,1,,,9,1,2,1,2,,,,,,,,,1,25
20233,11740560,고덕2동,78,3,1,,,9,1,2,1,2,,,,,,,,,1,25
20231,11740570,암사1동,90,2,1,,,8,1,1,,,1,,1,,,,,,,13
20232,11740570,암사1동,90,2,1,,,8,1,1,,,1,,1,,,,,,,13
20233,11740570,암사1동,90,2,1,,,8,1,1,,,1,,1,,,,,,,13
20231,11740580,암사2동,61,1,3,,,6,1,2,,,,,,,,,,,1,6
20232,11740580,암사2동,61,1,3,,,6,1,2,,,,,,,,,,,1,6
20233,11740580,암사2동,61,1,3,,,6,1,2,,,,,,,,,,,1,6
20231,11740590,암사3동,50,2,1,,,5,1,,2,1,,,,,,,,,,12
20232,11740590,암사3동,50,2,1,,,5,1,,2,1,,,,,,,,,,12
20233,11740590,암사3동,50,2,1,,,5,1,,2,1,,,,,,,,,,12
20231,11740600,천호1동,92,4,1,,,11,,1,1,1,1,,,1,,,,,1,11
20232,11740600,천호1동,92,4,1,,,11,,1,1,1,1,,,1,,,,,1,11
20233,11740600,천호1동,92,4,1,,,11,,1,1,1,1,,,1,,,,,1,11
20231,11740610,천호2동,203,4,3,,1,26,1,1,1,,,,,,3,,,,,22
20232,11740610,천호2동,203,4,3,,1,26,1,1,1,,,,,,3,,,,,22
20233,11740610,천호2동,203,4,3,,1,26,1,1,1,,,,,,3,,,,,22
20231,11740620,천호3동,115,4,3,,2,14,,,1,,,,,,1,,,,,11
20232,11740620,천호3동,115,4,3,,2,14,,,1,,,,,,1,,,,,11
20233,11740620,천호3동,115,4,3,,2,14,,,1,,,,,,1,,,,,11
20231,11740640,성내1동,98,6,4,,2,9,1,2,1,,1,,,1,,,,,,20
20232,11740640,성내1동,98,6,4,,2,9,1,2,1,,1,,,1,,,,,,20
20233,11740640,성내1동,98,6,4,,2,9,1,2,1,,1,,,1,,,,,,20
20231,11740650,성내2동,113,2,3,,4,14,,,,,,,,1,,,,,3,16
20232,11740650,성내2동,113,2,3,,4,14,,,,,,,,1,,,,,3,16
20233,11740650,성내2동,113,2,3,,4,14,,,,,,,,1,,,,,3,16
20231,11740660,성내3동,136,4,5,,,13,2,,,,2,,,,,,,,1,13
20232,11740660,성내3동,136,4,5,,,13,2,,,,2,,,,,,,,1,13
20233,11740660,성내3동,136,4,5,,,13,2,,,,2,,,,,,,,1,13
20231,11740685,길동,242,6,10,1,4,34,4,3,1,,1,,,,,,,,1,36
20232,11740685,길동,242,6,10,1,4,34,4,3,1,,1,,,,,,,,1,36
20233,11740685,길동,242,6,10,1,4,34,4,3,1,,1,,,,,,,,1,36
20231,11710610,삼전동,118,4,2,,,14,3,1,1,1,,,,,1,,,,1,12
20232,11710610,삼전동,118,4,2,,,14,3,1,1,1,,,,,1,,,,1,12
20233,11710610,삼전동,118,4,2,,,14,3,1,1,1,,,,,1,,,,1,12
20231,11710620,가락본동,144,5,9,1,5,21,1,2,2,,,,,,,,,,,21
20232,11710620,가락본동,144,5,9,1,5,21,1,2,2,,,,,,,,,,,21
20233,11710620,가락본동,144,5,9,1,5,21,1,2,2,,,,,,,,,,,21
20231,11710631,가락1동,82,2,8,,,13,1,1,1,,,,1,,,,,,3,16
20232,11710631,가락1동,82,2,8,,,13,1,1,1,,,,1,,,,,,3,16
20233,11710631,가락1동,82,2,8,,,13,1,1,1,,,,1,,,,,,3,16
20231,11680720,일원본동,103,2,6,1,,15,2,2,1,2,,,,,,,,,1,32
20232,11680720,일원본동,103,2,6,1,,15,2,2,1,2,,,,,,,,,1,32
20233,11680720,일원본동,103,2,6,1,,15,2,2,1,2,,,,,,,,,1,32
20231,11680730,일원1동,74,4,1,,,11,1,2,,1,,,,,,,,,,18
20232,11680730,일원1동,74,4,1,,,11,1,2,,1,,,,,,,,,,18
20233,11680730,일원1동,74,4,1,,,11,1,2,,1,,,,,,,,,,18
20231,11680740,일원2동,66,3,3,,,6,2,1,1,,,,,,,,,,1,13
20232,11680740,일원2동,66,3,3,,,6,2,1,1,,,,,,,,,,1,13
20233,11680740,일원2동,66,3,3,,,6,2,1,1,,,,,,,,,,1,13
20231,11680750,수서동,89,3,3,,,11,2,1,1,2,,,,,,,,,2,23
20232,11680750,수서동,89,3,3,,,11,2,1,1,2,,,,,,,,,2,23
20233,11680750,수서동,89,3,3,,,11,2,1,1,2,,,,,,,,,2,23
20231,11710510,풍납1동,48,3,,,1,6,1,1,,,,,,,,,,,,6
20232,11710510,풍납1동,48,3,,,1,6,1,1,,,,,,,,,,,,6
20233,11710510,풍납1동,48,3,,,1,6,1,1,,,,,,,,,,,,6
20231,11740690,둔촌1동,14,,,,,,,2,,1,,,,,,,,,1,6
20232,11740690,둔촌1동,14,,,,,,,2,,1,,,,,,,,,1,6
20233,11740690,둔촌1동,14,,,,,,,2,,1,,,,,,,,,1,6
20231,11740700,둔촌2동,129,5,4,1,,17,2,1,2,1,,,,,,,,,1,32
20232,11740700,둔촌2동,129,5,4,1,,17,2,1,2,1,,,,,,,,,1,32
20233,11740700,둔촌2동,129,5,4,1,,17,2,1,2,1,,,,,,,,,1,32
20224,11110540,삼청동,49,10,4,,1,1,,,1,1,2,,,,,,,,,16
20224,11110700,숭인1동,43,3,1,,,3,1,,,,,,,,,,,,,14
20224,11110630,종로5?6가동,212,7,8,,,31,,1,,,1,,4,,3,,,,1,23
20224,11140635,약수동,87,4,2,,1,12,2,,,,,,,,,,,,2,12
20224,11170700,보광동,70,4,1,,,8,1,,1,1,6,,,,,,,,,14
20224,11170690,서빙고동,61,15,1,,,1,,1,1,,,,,,,,,,1,21
20224,11170660,이태원2동,60,8,5,,,3,1,1,,1,,,,,,,,,,22
20224,11200540,마장동,111,6,5,,,8,2,2,2,,,,,,,,,,1,29
20224,11200645,옥수동,129,4,2,,,10,2,2,1,1,,,,,,,,,2,45
20224,11200580,응봉동,56,3,,,,2,,1,1,,,,,,,,,,1,30
20224,11215810,광장동,139,5,9,,,9,3,3,3,1,11,,,,,,,,1,32
20224,11215730,군자동,135,5,5,,1,12,1,2,,,20,,,1,,,,,,23
20224,11215830,자양2동,95,2,1,,,8,2,4,2,1,,,1,,,,,,,21
20224,11215750,중곡2동,104,2,4,,,14,1,1,,,,,,,,,,,2,21
20224,11230660,장안2동,168,3,2,,2,21,1,2,,1,1,,,1,1,,,,,38
20224,11260610,중화2동,123,2,3,,,14,,,,,,,2,,,,,,3,32
20224,11290555,삼선동,163,7,5,,,14,,1,1,2,14,,,,,,,,2,46
20224,11290525,성북동,166,6,4,,,6,2,1,3,2,5,,,,,,,,,55
20224,11290640,정릉3동,124,4,1,,,2,,1,3,1,28,,,,,,,,,38
20224,11305625,수유2동,85,3,,,,12,3,,,,,,,,,,,,1,15
20224,11305645,우이동,132,2,,,,7,1,,1,,2,,,,,,,,3,54
20224,11320700,방학2동,64,3,,,,7,,1,1,,,,,,,,,,,23
20224,11350595,공릉1동,211,4,6,,4,21,3,3,,,1,,1,,,,,,3,54
20224,11350600,공릉2동,271,7,6,1,,14,3,4,4,2,64,,1,,,,,,1,63
20224,11350630,상계1동,190,5,2,,,14,3,3,2,1,,,,1,,,,,1,38
20224,11350670,상계5동,105,2,1,,,11,,1,,,,,,,3,,,,1,36
20224,11350700,상계8동,92,3,3,,,7,,,1,,,,,,,,,,1,15
20224,11350560,월계1동,159,4,2,,,10,2,1,1,1,17,,,,,,,,,59
20224,11350611,하계1동,133,4,3,1,,9,1,1,2,4,16,,,,,,,,,41
20224,11380625,역촌동,176,5,5,,2,18,2,1,,,,,,,,,,,,51
20224,11410585,신촌동,368,6,10,1,,22,1,3,1,1,109,1,,4,3,,,,2,60
20224,11410685,홍은2동,161,4,2,1,,8,,2,3,1,12,,,,,,,,,83
20224,11440660,서교동,358,13,22,,,31,1,1,,,2,,,5,3,,,,7,88
20224,11440590,용강동,90,7,6,,1,10,2,1,,,,,,,,,,,1,24
20224,11470510,목1동,190,5,12,,1,21,1,1,1,1,2,,,2,,,,,2,29
20224,11470611,신월7동,74,6,1,,,10,2,,1,,,,,,,,,,,21
20224,11470630,신정2동,71,3,1,,,7,1,2,1,,,,,,,,,,,20
20224,11470640,신정3동,203,4,1,,,15,1,3,1,4,,,,,,,,,1,81
20224,11470650,신정4동,161,3,8,1,1,16,3,2,,2,,,,,,,,,1,18
20224,11500605,가양3동,52,3,,,,4,3,2,1,1,,,,,,,,,1,13
20224,11500510,염창동,147,5,3,,1,15,,2,2,,,,,,,,,,2,35
20224,11500615,우장산동,158,4,4,,3,12,3,2,,,5,,,,,,,,1,33
20224,11530540,구로3동,187,7,18,,,15,1,2,1,,,,,,5,,,,2,47
20224,11545510,가산동,304,10,25,,1,21,2,,,,,,,1,17,,,,3,111
20224,11560700,대림1동,81,2,4,2,,18,,1,1,,,,2,,3,,,,,16
20224,11560670,신길5동,66,3,,,,,1,1,1,1,,,,,5,,,,,31
20224,11590651,사당5동,61,4,,,,3,1,2,1,1,,,,,,,,,,28
20224,11620695,신림동,168,2,3,,,17,,,,,,,,,4,,,,1,16
20224,11620625,인헌동,105,2,5,,,14,1,,1,1,,,2,,,,,,1,23
20224,11620725,조원동,96,3,1,,1,12,,1,,,,,1,,,,,,,30
20224,11650580,반포3동,109,3,7,,,11,,1,1,,,,,,,,,,,18
20224,11680610,대치2동,210,6,26,,2,20,,2,1,1,,,,,,,,,2,39
20224,11680590,삼성2동,177,10,11,,,11,,1,1,,1,,,,,,,,4,28
20224,11680740,일원2동,66,3,3,,,6,2,1,1,,,,,,,,,,1,13
20224,11710631,가락1동,82,2,8,,,13,1,1,1,,,,1,,,,,,3,16
20224,11710532,거여2동,78,3,3,,1,12,1,1,1,,,,,,,,,,,11
20224,11710561,방이1동,73,2,1,,,10,2,2,1,1,,,,,,,,,1,11
20224,11740690,둔촌1동,14,,,,,,,2,,1,,,,,,,,,1,6
20224,11740530,명일1동,151,5,6,,2,17,,1,,,,,,,,,,,1,22
20224,11740640,성내1동,98,6,4,,2,9,1,2,1,,1,,,1,,,,,,20
20224,11740620,천호3동,115,4,3,,2,14,,,1,,,,,,1,,,,,11
20224,11110600,가회동,63,5,3,,,1,1,1,1,2,1,,,,,,,,,22
20224,11110580,교남동,78,4,3,2,,17,,,,1,1,,,,,,,,,26
20224,11110640,이화동,119,4,4,1,,11,,,2,,37,,,,,,,,1,28
20224,11110650,혜화동,145,6,5,,,16,3,1,1,4,26,,,1,,,,,,36
20224,11140615,신당동,99,7,5,,1,12,,1,1,3,,,3,,1,,,,2,8
20224,11140680,중림동,77,3,2,,,7,,1,,2,1,,,,5,,,,,14
20224,11140645,청구동,34,2,,,,3,1,2,1,1,,,,,,,,,,5
20224,11170650,이태원1동,71,8,5,,,3,,1,,,,,3,,,,,,1,14
20224,11170510,후암동,80,6,1,,,7,1,2,,1,,,2,,,,,,,18
20224,11200670,성수2가1동,109,3,3,,,13,,1,2,1,,,2,,1,,,,,38
20224,11200690,성수2가3동,104,3,16,,,11,,2,,,,,,1,,,,,1,20
20224,11200790,용답동,82,7,2,,,8,,1,,,,,1,,,,,,2,11
20224,11200570,행당2동,79,2,2,,,4,1,1,1,1,,,,,,,,,1,24
20224,11215870,구의3동,133,5,4,,,16,2,1,,,,,1,1,,,,1,1,25
20224,11230600,답십리1동,124,4,5,,,9,,2,1,,,,,,,,,,,25
20224,11230710,회기동,84,3,5,1,,10,1,3,1,1,14,,,,,,,,,10
20224,11260660,망우3동,54,1,1,,1,3,,2,,1,,,3,,,,,,,11
20224,11290590,돈암2동,88,4,2,,,4,6,1,,,,,,1,,,,,,38
20224,11290715,월곡1동,108,2,3,,,10,,2,1,1,,,,,1,,,,,30
20224,11290620,정릉1동,63,2,,,,6,2,,,,1,,,,,,,,,19
20224,11290650,정릉4동,133,7,3,,,12,2,1,,2,11,,,,,,,,1,40
20224,11305615,수유1동,153,4,2,,,12,,2,3,1,,,1,,,,,,1,40
20224,11320514,창4동,130,7,4,,,8,1,2,1,2,,,,,,,,,,51
20224,11320515,창5동,119,7,3,,3,12,1,3,,,,,,2,,,,,2,24
20224,11350695,상계6?7동,253,9,11,1,1,29,,3,2,1,4,,,1,,,,,,40
20224,11350612,하계2동,67,2,1,,,4,2,2,1,,,,,,,,,,1,28
20224,11380551,갈현1동,133,2,2,1,,13,1,,,,,,,,,,,,2,48
20224,11380600,응암3동,138,3,3,,1,16,1,1,2,1,,,2,,,,,,,31
20224,11410615,연희동,201,7,7,,1,16,,1,3,1,13,,,1,1,,,,,70
20224,11440565,공덕동,172,7,9,,,21,1,3,,,,,2,,,,,,4,39
20224,11470680,신정7동,107,3,2,,,8,3,3,1,1,,,,,,,,,1,30
20224,11500560,화곡3동,87,4,3,,,8,2,,,,,,,,,,,,,12
20224,11530595,가리봉동,74,,,,,6,,1,,1,,,,,23,,,,,8
20224,11530560,구로5동,167,5,4,,2,18,,3,1,1,2,1,,3,,,,,1,49
20224,11545680,시흥2동,76,2,,,,3,2,3,1,2,,,,,,,,,,30
20224,11545700,시흥4동,72,1,1,,,6,,1,1,,,,,,,,,,,27
20224,11560550,당산1동,131,6,5,,1,8,1,,,,,,,,12,,,,2,23
20224,11560710,대림2동,86,4,2,1,,16,,2,,,1,,,,1,,,,,13
20224,11590510,노량진1동,180,5,4,,,14,2,3,1,,1,,,,2,,,,3,57
20224,11620685,신사동,79,3,2,,1,10,1,1,,,1,,1,,,,,,,21
20224,11620605,은천동,123,6,,,,9,3,1,,1,,,,,,,,,,43
20224,11620615,중앙동,83,1,3,,1,14,,1,,,,,,,,,,,1,12
20224,11620595,청룡동,147,5,6,,1,23,,2,2,3,,,1,1,1,,,,1,15
20224,11620545,청림동,50,2,,,,4,2,,,,,,,,2,,,,,7
20224,11650530,서초3동,332,25,30,,3,30,1,1,1,3,2,,,,,,,1,2,77
20224,11680580,삼성1동,199,6,26,,3,13,1,1,1,1,,1,,1,,,,,3,38
20224,11680730,일원1동,74,4,1,,,11,1,2,,1,,,,,,,,,,18
20224,11710641,문정1동,70,3,1,,,5,1,1,1,,,,,,,,,,,19
20224,11710590,송파2동,79,3,1,,,11,3,1,2,3,,,,,,,,,,7
20224,11710570,오금동,134,5,5,,,13,3,3,4,2,,,,,,,,,3,27
20224,11710710,잠실6동,144,4,17,,1,23,,1,1,,,,,1,,,,,2,13
20224,11740520,상일동,105,4,2,1,,8,4,2,2,5,,,,,,,,,,37
20224,11740580,암사2동,61,1,3,,,6,1,2,,,,,,,,,,,1,6
20224,11740600,천호1동,92,4,1,,,11,,1,1,1,1,,,1,,,,,1,11
20224,11110670,창신1동,111,3,4,,,9,,2,,,,,1,,7,,,,2,11
20224,11140590,광희동,185,3,16,1,,14,,,1,,,,1,3,11,,,,3,19
20224,11140520,소공동,231,13,29,,,10,,1,4,3,,1,,3,3,,,,3,37
20224,11170640,이촌2동,26,2,,,,1,,,,,,,,,,,,,,11
20224,11170625,한강로동,242,19,19,,,21,,2,,1,,,5,3,2,,,,7,41
20224,11200615,금호2?3가동,135,3,2,,,13,,1,,,,,,,,,,,,46
20224,11200650,성수1가1동,83,4,2,,,4,1,2,1,1,,,,1,,,,,1,33
20224,11200535,왕십리도선동,189,4,4,,2,20,2,2,,2,,,,,,,,,,26
20224,11230560,전농1동,152,5,2,,1,13,3,1,1,1,,,,1,5,,,,3,35
20224,11260520,면목2동,112,3,,,1,11,2,2,,,,,8,,1,,,,,25
20224,11260580,상봉1동,78,3,1,,1,8,2,1,2,1,,,,,,,,,4,12
20224,11290685,길음2동,112,5,,,3,14,,,,,,,,,,,,,,23
20224,11290600,안암동,167,4,6,1,1,10,,1,1,1,71,,,,,,,,1,35
20224,11305535,미아동,144,3,3,,1,14,,,,1,4,,,,,,,,1,28
20224,11305603,번2동,110,5,,,,7,1,,1,,,,,,1,,,,,54
20224,11305608,번3동,95,3,1,,,8,,2,,,,,,,,,,,,37
20224,11305635,수유3동,158,4,6,,1,16,,,1,,,,,1,,,,,1,30
20224,11320690,방학1동,148,6,6,,2,15,2,1,1,1,,,,,,,,,1,39
20224,11320710,방학3동,112,3,3,,,6,3,3,1,,,,,,,,,,,47
20224,11320512,창2동,95,3,,,1,8,1,1,,,,,,,,,,,,44
20224,11350640,상계2동,182,2,1,,2,19,1,1,1,,,,,1,,,,,2,33
20224,11350621,중계1동,85,2,3,,,7,,2,1,2,,,,,,,,,,18
20224,11380520,불광1동,198,6,4,,1,17,4,2,,,,,,1,,,,,3,49
20224,11380530,불광2동,113,6,1,,,5,,3,3,1,,,3,,,,,,,32
20224,11380650,수색동,60,5,2,,,5,1,1,,,,,2,,,,,,1,22
20224,11410660,홍은1동,86,3,,,,7,1,1,,,,,,,1,,,,,32
20224,11410640,홍제3동,129,3,3,,2,14,1,2,1,,3,,4,,6,,,,1,46
20224,11440655,서강동,156,6,4,,,7,1,1,,,20,,,,,,,,2,64
20224,11440730,성산2동,158,6,3,,,13,2,3,2,,,,1,1,,,,,2,47
20224,11440630,신수동,76,4,1,,1,5,1,1,1,1,,,,,,,,,,24
20224,11440555,아현동,145,5,8,,,16,1,1,1,1,,,,,1,,,,2,23
20224,11470560,신월1동,71,3,3,,,12,1,,,,,,,,,,,,,9
20224,11530720,고척1동,135,5,4,1,1,9,,3,1,1,12,,8,,4,,,,,31
20224,11560720,대림3동,126,2,7,,1,11,3,2,1,,2,,1,,,,,,2,46
20224,11590530,상도1동,201,5,4,,1,16,2,2,1,,23,,,,,,,,2,47
20224,11620585,낙성대동,148,2,3,,,10,,1,,,37,,,,2,,,,,37
20224,11620525,보라매동,83,1,1,,,5,,1,1,1,,,,,,,,,,25
20224,11650620,방배3동,112,4,3,,2,6,,2,,1,7,,,,,,,,,50
20224,11650621,방배4동,156,3,10,,,11,,1,,1,4,,,,1,,,,1,31
20224,11650590,방배본동,103,2,6,,,16,,1,,,,,1,,,,,,,25
20224,11680660,개포1동,38,1,1,,,1,,1,2,,,,,,,,,,,29
20224,11680690,개포4동,115,3,4,,,7,,2,1,1,,,,,,,,,,49
20224,11680700,세곡동,191,4,1,,,9,3,4,1,1,,,,,,,,,,95
20224,11680640,역삼1동,542,15,49,1,3,64,1,1,,,,,,3,1,,,,1,44
20224,11680650,역삼2동,195,3,14,,2,25,,1,2,1,1,,,,,,,,,31
20224,11710632,가락2동,143,3,6,,,17,4,2,1,,,,,,,,,,1,22
20224,11710600,석촌동,159,3,7,,2,27,3,2,,,,,,,,,,,,20
20224,11710720,잠실7동,30,2,4,,,4,,1,2,1,,,,,,,,,2,3
20224,11710650,잠실본동,192,5,9,,1,24,,1,,,,,,,,,,,1,12
20224,11740515,강일동,187,5,3,,,12,2,2,2,1,,,,,,,,,3,79
20224,11740685,길동,242,6,10,1,4,34,4,3,1,,1,,,,,,,,1,36
20224,11140570,필동,123,6,9,1,,7,,2,,1,19,,,2,1,,,,2,15
20224,11140670,황학동,76,1,6,,,10,,,,,,,,,7,,,,,6
20224,11170520,용산2가동,63,3,,,,4,,1,2,2,,,,,,,,,1,29
20224,11170630,이촌1동,102,4,9,,1,12,2,1,1,1,,,1,,,,,,,14
20224,11170580,효창동,66,1,1,,,5,,1,,1,1,,,,,,,,2,22
20224,11200550,사근동,128,5,3,1,,10,,2,1,2,52,,1,,,,,,2,34
20224,11200660,성수1가2동,79,3,6,,,6,,,1,1,1,,,,,,,,1,12
20224,11200720,송정동,44,2,,,1,5,,1,,,,,,,,,,,,17
20224,11215780,능동,47,4,,,1,5,,1,,1,,,,,,,,,1,5
20224,11215820,자양1동,106,3,4,1,,14,1,1,,,2,,,,,,,,,17
20224,11215840,자양3동,105,2,6,,,8,2,2,1,1,1,1,,1,,,,,,30
20224,11215770,중곡4동,105,2,2,,,7,,1,1,2,,,,,,,,,,37
20224,11230705,청량리동,154,9,4,1,,16,2,1,1,1,1,,,,2,,,,,34
20224,11260575,면목3?8동,150,4,1,1,,17,1,2,2,1,8,,,,1,,,,1,34
20224,11260550,면목5동,42,2,1,,,3,,,,,,,4,,,,,,,13
20224,11260570,면목7동,108,2,2,,1,11,,1,,,,,1,,,,,,,18
20224,11290575,동선동,146,1,4,,1,13,1,2,2,1,12,,,1,,,,,1,19
20224,11290810,석관동,154,6,3,,,16,2,2,1,1,,,1,,2,,,,2,32
20224,11290760,장위1동,103,4,1,,,8,6,1,1,,,,,,,,,,,37
20224,11290705,종암동,189,7,2,,1,17,3,2,2,1,2,,,,,,,,,56
20224,11305534,삼양동,165,4,1,,,14,3,2,,1,,,,,,,,,3,34
20224,11320521,도봉1동,122,4,1,,,9,2,2,1,1,2,,1,,,,,,,38
20224,11320511,창1동,94,3,2,,,7,1,1,2,1,,,,,,,,,1,28
20224,11350580,월계3동,135,5,3,,,8,4,3,1,,,,,,,,,,2,47
20224,11380560,구산동,127,3,,,1,8,3,3,2,3,,,,,,,,,,38
20224,11380510,녹번동,148,8,3,,2,12,1,3,,,,,1,1,,,,,2,35
20224,11410710,북가좌1동,60,1,2,,,5,2,1,1,1,,,,,,,,,,13
20224,11410720,북가좌2동,115,3,3,,,12,2,,,,,,,,,,,,,39
20224,11470530,목3동,96,3,4,,,11,1,,1,,,,,,,,,,,7
20224,11470610,신월6동,47,1,2,,1,5,1,1,1,,,,,,,,,,,15
20224,11470620,신정1동,94,7,3,,,9,2,2,1,,,,,,,,,,,26
20224,11500530,등촌2동,58,3,,,1,6,2,2,2,2,,,,,,,,,,8
20224,11500640,방화2동,124,4,,,,7,3,1,1,,,,2,1,,4,,,5,37
20224,11500550,화곡2동,65,2,,,,3,2,1,,,,,,,,,,,,30
20224,11500570,화곡4동,101,4,2,,,14,3,1,,2,,,,,,,,,,30
20224,11530740,개봉1동,163,5,3,,1,11,2,1,2,,4,,1,,,,,,1,57
20224,11530790,수궁동,154,3,1,,,5,2,1,1,6,,,1,,,,,,3,69
20224,11545610,독산1동,217,3,6,,2,17,2,4,3,,,,,1,3,,,,,74
20224,11545630,독산3동,119,4,4,,,14,2,2,2,1,,,1,,,,,,,29
20224,11560585,도림동,66,2,,,,6,2,,,,,,,,,,,,,28
20224,11560620,양평2동,131,8,6,,,7,1,2,1,2,,,,,3,,,,1,35
20224,11560535,영등포동,325,10,17,2,2,37,,1,,,1,,,1,16,,,,1,41
20224,11590520,노량진2동,72,5,4,,1,14,1,,,,,,,,1,,,,,14
20224,11590650,사당4동,62,2,1,,,6,,,1,,,,1,,,,,,,4
20224,11620735,대학동,283,5,6,,,11,,1,1,2,140,,,,,,,,,73
20224,11620665,서림동,74,2,,,,5,1,1,1,,,,,,,,,,,34
20224,11650570,반포2동,74,4,5,,,5,,2,1,,,,1,,,,,,1,25
20224,11710620,가락본동,144,5,9,1,5,21,1,2,2,,,,,,,,,,,21
20224,11710540,마천1동,73,4,1,,,8,1,1,,,,,,,1,,,,1,15
20224,11710550,마천2동,93,3,2,,,14,,1,,,,,,,,,,,,12
20224,11710642,문정2동,149,10,12,,1,22,,1,,,,,,2,,,,,3,14
20224,11710566,오륜동,74,4,6,,,6,1,2,2,3,11,,,,,,,,3,15
20224,11740560,고덕2동,78,3,1,,,9,1,2,1,2,,,,,,,,,1,25
20224,11740650,성내2동,113,2,3,,4,14,,,,,,,,1,,,,,3,16
20224,11740570,암사1동,90,2,1,,,8,1,1,,,1,,1,,,,,,,13
20224,11740590,암사3동,50,2,1,,,5,1,,2,1,,,,,,,,,,12
20224,11110550,부암동,84,4,2,,,1,1,2,1,1,14,,,,,,,,,38
20224,11170530,남영동,147,7,5,,,14,,,1,,,,,,12,,,,3,26
20224,11170685,한남동,171,30,11,1,,13,3,1,,,,,3,,,,,,2,36
20224,11200620,금호4가동,84,3,3,,,6,1,2,,,,,,,,,,,1,27
20224,11230730,휘경2동,84,5,1,1,,5,1,2,3,3,4,,,,,,,,,27
20224,11260620,묵1동,144,4,2,,2,11,2,1,2,2,,,,,,,,,,34
20224,11260630,묵2동,92,3,4,,,7,,2,,,,,,1,,,,,1,19
20224,11260590,상봉2동,127,4,3,,1,10,,,,,,,,2,2,,,1,1,18
20224,11260690,신내2동,104,6,3,,,12,3,4,,,,,,,,,,,,21
20224,11290580,돈암1동,42,1,,,,2,2,2,2,1,,,,,,,,,,15
20224,11290610,보문동,77,4,4,,,6,,2,,,,,,,1,,,,2,10
20224,11290630,정릉2동,110,4,3,,,6,1,2,,,,,,,,,,,1,50
20224,11305595,번1동,136,3,3,,1,14,1,1,1,,,,,1,,,,,,30
20224,11305575,삼각산동,114,2,1,,,9,1,,1,1,1,,,,,,,,,36
20224,11320522,도봉2동,127,8,3,,,7,1,1,1,1,1,,,,1,,,,3,49
20224,11320680,쌍문3동,78,3,3,1,,12,,,1,,,,,,1,,,,1,17
20224,11320513,창3동,66,1,,,,7,1,2,,,,,1,,,,,,,25
20224,11350624,중계4동,81,2,3,,,14,1,1,3,2,,,,,,,,,,6
20224,11380552,갈현2동,121,3,1,,1,15,5,2,1,5,,,,,,,,,1,34
20224,11380640,증산동,83,3,,,,8,1,1,2,,,,2,,,,,,1,16
20224,11410555,북아현동,76,2,2,,1,7,1,1,,1,,,,,,,,,,17
20224,11440700,망원2동,83,4,1,,,6,1,2,,,,,,,,,,,,33
20224,11440740,상암동,247,10,11,,,14,3,3,1,1,,,1,,,,,,4,104
20224,11500520,등촌1동,95,1,5,,1,10,,1,,,,,,1,,,,,,20
20224,11500593,화곡8동,95,2,3,,,8,1,,,,,,,,,,,,1,33
20224,11500590,화곡본동,145,3,,,1,11,1,2,,,,,,,,,,,,31
20224,11530550,구로4동,139,5,3,,,15,2,1,1,,,,1,,19,,,,,13
20224,11530800,항동,64,1,,,,2,1,1,,,10,,,,,,,,,37
20224,11560630,신길1동,85,1,2,1,1,13,,1,,,,,,,4,,,,2,25
20224,11560610,양평1동,87,5,3,,1,6,,1,,1,,,,,1,,,,1,22
20224,11560515,영등포본동,94,4,,,,10,2,2,1,2,,,,1,2,,,,1,23
20224,11590560,상도4동,112,3,1,,1,11,4,1,1,,,,,1,,,,,,36
20224,11590605,흑석동,195,6,6,1,,24,5,3,2,,16,,,,1,,,,1,50
20224,11620630,남현동,70,3,1,,,6,1,1,,,1,,,,,,,,,6
20224,11620645,서원동,94,3,1,1,1,9,,,1,,,,,1,,,,,,27
20224,11620565,성현동,104,4,,,,6,3,2,1,1,,,,,,,,,,38
20224,11620655,신원동,54,6,1,,,7,,1,,,1,,,,,,,,,10
20224,11620575,행운동,111,3,3,1,2,12,1,2,2,1,,,,,,,,,,15
20224,11650560,반포1동,140,6,6,,1,20,1,2,1,1,,,,,,,,,1,26
20224,11650600,방배1동,102,3,4,,1,10,,1,,,3,,1,,,,,,1,19
20224,11650651,양재1동,263,12,11,,1,20,3,4,1,,1,,,,,,,,2,86
20224,11680670,개포2동,135,3,3,,,9,5,4,1,3,,,,,,,,,3,50
20224,11680531,논현2동,240,8,16,,5,29,1,1,1,,4,,,2,,,,,1,33
20224,11680630,대치4동,159,4,12,1,1,18,,1,,,1,1,,,,,,,,14
20224,11680510,신사동,260,3,14,,,36,2,1,1,2,,1,,1,,,,,1,12
20224,11680545,압구정동,313,4,25,,5,30,1,1,2,2,,2,1,3,,,,,2,18
20224,11680720,일원본동,103,2,6,1,,15,2,2,1,2,,,,,,,,,1,32
20224,11710610,삼전동,118,4,2,,,14,3,1,1,1,,,,,1,,,,1,12
20224,11710690,잠실4동,74,3,3,,,10,1,2,,1,,,,,,,,,2,7
20224,11710646,장지동,136,4,3,,,10,1,2,1,3,,,,1,,,,,1,41
20224,11740700,둔촌2동,129,5,4,1,,17,2,1,2,1,,,,,,,,,1,32
20224,11110570,무악동,42,2,1,1,,4,1,1,,,,,,,,,,,1,7
20224,11110680,창신2동,38,2,1,,,5,,,,,,,,,,,,,,
20224,11140650,신당5동,65,4,2,,,5,,1,,2,,,,,,,,,,12
20224,11140540,회현동,211,9,17,,,16,1,,,,2,,2,1,2,,,,6,35
20224,11170590,용문동,54,1,,,,3,,,,,,,,,,,,,,22
20224,11170570,원효로2동,69,4,2,,,4,2,1,1,1,,,2,,,,,,,27
20224,11200560,행당1동,130,9,4,,2,13,1,1,,,,,1,1,,,,,4,30
20224,11215860,구의2동,112,3,2,,1,9,3,2,,,1,,,,,,,,1,24
20224,11215847,자양4동,106,5,2,,1,15,1,,1,,,,1,1,,,,,1,16
20224,11215760,중곡3동,97,3,1,,1,9,,2,,,,,1,,,,,,1,29
20224,11215710,화양동,167,3,5,1,,17,,2,2,1,34,,,1,,,,,2,16
20224,11230740,이문1동,147,5,2,,,13,3,,,2,30,,,,,,,,1,26
20224,11260655,망우본동,238,9,4,1,4,25,1,2,3,4,,,9,,2,,,,2,54
20224,11305545,송중동,212,4,1,,2,18,4,2,,1,2,1,,1,,,,,,69
20224,11305555,송천동,164,9,5,,1,17,,1,2,2,,,2,,,,,,1,24
20224,11350720,상계10동,64,3,,,,1,1,2,1,1,,,,,,,,,,30
20224,11350710,상계9동,78,3,4,,,6,1,3,2,2,,,,,,,,,,18
20224,11350570,월계2동,136,4,,,,5,3,2,3,4,11,,,,,,,,1,64
20224,11350625,중계2?3동,142,7,2,,,10,4,4,1,3,,,,2,,,,,1,39
20224,11380631,신사1동,94,3,,,,8,3,,1,,5,,,,,,,,1,22
20224,11410520,천연동,127,4,1,,,4,,1,1,1,11,,,,1,,,,,44
20224,11440720,성산1동,86,4,2,,,5,1,2,2,1,1,,,,1,,,,,29
20224,11470590,신월4동,63,2,1,,,6,3,1,,,,,,,,,,,,11
20224,11470600,신월5동,54,3,,,1,3,2,1,2,,,,,,,,,,,12
20224,11470670,신정6동,72,7,6,,,2,2,,1,1,,,,,,,,,,31
20224,11500535,등촌3동,184,6,3,1,2,18,2,5,2,4,,,,1,,,,,,55
20224,11500611,발산1동,246,3,9,1,2,33,2,3,4,8,,,1,,,,,,,63
20224,11500630,방화1동,200,2,3,,2,21,4,3,1,3,,,,,1,,,,1,46
20224,11500641,방화3동,83,5,1,,,5,2,3,2,1,1,,,,,,,,1,22
20224,11500591,화곡6동,118,7,5,,,8,2,1,,,9,,,,,,,,,29
20224,11530770,오류1동,122,5,4,,,11,3,1,,,,,,,,,,,1,22
20224,11545710,시흥5동,106,3,,,,16,2,3,,,,,,,,,,,,37
20224,11560560,당산2동,192,6,4,,,20,3,2,2,,,,,,,,,,2,46
20224,11560680,신길6동,123,4,1,,1,14,1,1,,1,,,1,,2,,,,1,29
20224,11590680,신대방2동,109,7,7,1,,16,,1,1,1,,,,,,,,,,29
20224,11620775,난곡동,95,2,1,,,11,2,1,2,1,,,1,,,,,,,28
20224,11620715,난향동,68,1,,,,5,,1,,,,,,,,,,,,34
20224,11650660,내곡동,161,5,1,,1,2,2,1,,,3,,1,,,,,,1,85
20224,11650581,반포4동,130,7,12,1,,12,,,1,,3,,,1,,,,,3,33
20224,11650510,서초1동,194,4,10,,1,14,,2,,,13,,,,,,,,2,38
20224,11650520,서초2동,217,8,26,,,24,,1,1,1,,,,,1,,,,2,47
20224,11650531,서초4동,257,2,13,,1,31,2,2,1,,,,,1,,,,,,36
20224,11680521,논현1동,300,4,15,,4,42,,1,,,,,1,8,,,,,3,23
20224,11680656,도곡2동,118,7,23,,,10,2,1,1,2,,,,,,,,,3,25
20224,11710531,거여1동,48,2,,,,2,,1,,1,,,,,1,,,,1,6
20224,11710680,잠실3동,103,5,9,,,11,1,3,,1,,,,,,,,,,16
20224,11710510,풍납1동,48,3,,,1,6,1,1,,,,,,,,,,,,6
20224,11110710,숭인2동,89,4,3,,1,4,,,,,,,2,,3,,,,2,6
20224,11110690,창신3동,24,3,,,,1,,1,,1,,,,,,,,,1,5
20224,11140625,다산동,86,3,4,,1,9,,1,1,1,,,,,1,,,,1,7
20224,11140665,동화동,47,3,1,,,5,,1,1,,,,,,,,,,2,4
20224,11140580,장충동,63,6,2,,,1,,1,,,3,,,1,2,,,,1,13
20224,11200590,금호1가동,88,2,,,,6,1,1,,1,,,,,,,,,1,45
20224,11200520,왕십리2동,63,2,,,,5,1,1,,,,,,,,,,,1,18
20224,11230536,용신동,231,10,8,1,4,20,1,1,1,1,,,1,,5,,,,5,41
20224,11230750,이문2동,71,2,,,,6,1,1,,,2,,,,,,,,1,17
20224,11230570,전농2동,102,2,2,,,12,3,3,2,1,27,,,,,,,,,15
20224,11230720,휘경1동,82,2,1,,,12,,,,,,,,,1,,,,3,18
20224,11260565,면목본동,168,4,2,,,18,1,2,,,,,13,,1,,,,1,30
20224,11260600,중화1동,79,2,1,,1,7,1,2,2,1,,,,,,,,,,14
20224,11290660,길음1동,129,3,4,,,10,2,3,1,1,,,1,,,,,,1,26
20224,11290780,장위3동,82,1,,,,5,1,2,1,,1,,1,,,,,,,39
20224,11350665,상계3?4동,107,4,1,,,9,3,2,,,1,,,,2,,,,1,11
20224,11350619,중계본동,95,5,2,,,7,3,2,,3,,,,,,,,,,21
20224,11380570,대조동,205,3,5,,1,24,,2,,2,,,,1,,,,,,32
20224,11380632,신사2동,82,4,,,,5,,3,1,1,,,,,,,,,1,35
20224,11410565,충현동,184,9,8,,,7,1,3,1,2,24,,,,,,,,3,58
20224,11440600,대흥동,209,5,5,,,18,,3,1,1,27,,,,3,,,,3,38
20224,11440690,망원1동,95,2,2,,,11,,,,,,,,,1,,,,,23
20224,11440710,연남동,52,2,1,,,2,1,,1,2,,,,,,,,,,23
20224,11440680,합정동,109,4,3,,,10,1,1,1,,,,,,,,,,,32
20224,11470580,신월3동,70,2,1,,,7,1,1,2,3,,,,,,,,,,8
20224,11500620,공항동,176,6,7,1,,11,1,2,2,,4,,,,,21,,,2,39
20224,11500540,화곡1동,226,3,2,,2,26,,2,1,,,,,1,,,,,2,27
20224,11530750,개봉2동,116,3,3,,,10,2,,,,,,1,1,,,,,,26
20224,11530760,개봉3동,81,3,2,,,9,1,3,1,,,,1,1,,,,,,23
20224,11530520,구로1동,88,4,1,,,5,3,1,1,1,,,4,,,,,,,25
20224,11530530,구로2동,197,6,12,1,1,21,1,1,,1,,,7,,16,,,,1,48
20224,11545640,독산4동,64,5,2,,1,4,,1,,,,,,,,,,,,16
20224,11545690,시흥3동,66,3,3,,,5,,1,1,1,,,,,1,,,,,21
20224,11560605,문래동,185,8,9,,,17,,3,2,,,,,,2,,,,1,56
20224,11560650,신길3동,102,3,5,,1,12,3,1,,,,,,,2,,,,,32
20224,11560660,신길4동,43,1,1,,,2,2,1,,,,,,,,,,,,13
20224,11560690,신길7동,78,5,1,,,7,1,1,,,,,,,1,,,,1,32
20224,11590630,사당2동,179,3,2,,,14,,1,1,2,,,,,2,,,,4,36
20224,11590640,사당3동,88,3,1,,,5,,2,1,,3,,1,,,,,,1,30
20224,11590670,신대방1동,83,3,1,,,10,3,1,1,,1,,,,,,,,1,15
20224,11620765,미성동,126,3,3,,1,11,1,2,2,2,,,,,1,,,,,44
20224,11620745,삼성동,94,3,,,,7,,2,,1,,,,,3,,,,,44
20224,11650540,잠원동,135,3,8,,,13,1,1,1,,,,,,,,,,2,23
20224,11680600,대치1동,130,4,11,,,13,1,1,1,2,1,,,,,,,,,24
20224,11680655,도곡1동,142,4,9,1,4,20,2,1,2,1,,,,,,,,,1,27
20224,11680750,수서동,89,3,3,,,11,2,1,1,2,,,,,,,,,2,23
20224,11710580,송파1동,102,2,4,,3,14,1,1,,,,,,,,,,,2,13
20224,11710647,위례동,84,3,1,,,5,2,2,1,,,,,,,,,,,32
20224,11710670,잠실2동,91,4,6,,,14,1,2,2,2,,,,,,,,,1,5
20224,11740540,명일2동,107,3,6,,,18,4,2,,1,,,,,,,,,,18
20224,11740610,천호2동,203,4,3,,1,26,1,1,1,,,,,,3,,,,,22
20224,11110530,사직동,206,18,24,,,15,,1,,1,1,,,3,,,,,2,34
20224,11110615,종로1?2?3?4가동,500,19,35,,,47,1,2,,,4,,1,5,17,,,,5,72
20224,11110515,청운효자동,93,6,3,,,4,1,1,2,2,8,,,,,,,,,26
20224,11110560,평창동,162,6,2,,1,5,1,,,1,2,,,,,,,,,91
20224,11140550,명동,542,20,46,,,35,,1,,,4,,,3,12,,,,1,29
20224,11140605,을지로동,145,5,10,,,13,,,,,,,1,2,3,,,,4,20
20224,11170560,원효로1동,94,6,3,,,6,1,1,,,3,,4,,,,,,,31
20224,11170555,청파동,128,7,2,,1,11,,2,2,4,22,,1,,1,,,,,35
20224,11215850,구의1동,77,2,4,,,9,1,,1,1,,,,,,,,,1,16
20224,11215740,중곡1동,74,2,,,,10,1,,,,,,1,,,,,,,19
20224,11230610,답십리2동,108,3,2,,2,13,3,1,,,,,3,,,,,,,19
20224,11230650,장안1동,192,5,11,,4,26,2,2,2,,,,,,,,,,1,43
20224,11230545,제기동,288,4,5,,1,22,2,2,2,1,1,,3,,14,,,,1,30
20224,11260540,면목4동,61,2,,,,5,1,1,1,,,,,,,,,,1,15
20224,11260680,신내1동,160,3,2,1,,13,2,2,,,,,,,,,,,1,53
20224,11290725,월곡2동,135,6,4,,,12,2,,1,,12,,,,,,,,2,34
20224,11290770,장위2동,89,3,2,,,11,1,3,,,,,,,,,,,1,27
20224,11305660,인수동,175,13,2,1,2,14,2,2,2,,5,,1,,,,,,,57
20224,11320660,쌍문1동,126,6,1,,1,4,1,3,,1,17,,,,,,,,,54
20224,11320670,쌍문2동,87,3,1,,1,10,1,1,1,,,,,,2,,,,,19
20224,11320681,쌍문4동,64,1,,,,4,5,2,2,3,,,,,,,,,,23
20224,11380580,응암1동,133,5,5,,1,20,1,1,1,1,,,,,,,,,,27
20224,11380590,응암2동,91,3,1,,1,10,2,1,,,,,,,,,,,,37
20224,11380690,진관동,242,6,6,,,22,6,6,2,4,,,,1,,,,,1,81
20224,11410690,남가좌1동,94,2,3,,1,9,,1,,,,,1,,1,,,,1,20
20224,11410700,남가좌2동,117,4,4,,,12,4,1,1,,8,,,,,,,,,24
20224,11410620,홍제1동,135,3,2,,,10,2,2,,,1,,,,1,,,,1,40
20224,11410655,홍제2동,56,1,,,,6,3,,,,,,,,1,,,,,15
20224,11440585,도화동,144,4,7,,,15,2,1,,,,,,1,1,,,,1,38
20224,11440610,염리동,52,3,1,,,3,1,1,2,3,,,,,2,,,,,10
20224,11470520,목2동,97,3,2,,1,13,3,1,,,,,,,1,,,,1,18
20224,11470540,목4동,84,3,3,,,9,1,1,1,1,,,,,,,,,,14
20224,11470550,목5동,143,8,9,1,,12,4,3,2,2,,,,,,,,,,52
20224,11470570,신월2동,65,3,1,,,6,1,2,2,,,,,,,,,,,12
20224,11500603,가양1동,279,5,13,,,20,3,1,1,1,,,,1,2,,,,5,69
20224,11500604,가양2동,75,4,3,,,7,3,1,1,1,,,,,,,,,1,14
20224,11530730,고척2동,128,5,2,,1,11,,2,1,1,,,,,,,,,,40
20224,11530510,신도림동,168,5,4,,,12,2,1,1,1,1,,2,1,1,,,,3,43
20224,11530780,오류2동,209,3,1,,1,9,6,3,2,1,,,,,,,,,1,86
20224,11545620,독산2동,73,2,1,,,8,,2,,,1,,,,,,,,,11
20224,11545670,시흥1동,223,9,7,1,2,25,2,3,1,1,,,,,3,,,,1,52
20224,11560540,여의동,399,23,70,1,,44,,2,2,2,,,,1,,,,,5,61
20224,11590660,대방동,199,5,5,,,16,3,3,4,4,,,,,,,,,2,61
20224,11590620,사당1동,126,4,6,,2,12,1,1,,,1,,,1,1,,,,2,13
20224,11590540,상도2동,154,6,3,,,16,1,1,1,,,,1,,1,,,,1,41
20224,11590550,상도3동,113,2,2,,,11,,,1,,,,1,,,,,,,36
20224,11650550,반포본동,33,1,3,,,2,,1,2,2,,,1,,,,,,1,5
20224,11650610,방배2동,114,4,2,,,3,,1,1,1,,,1,,1,,,,1,37
20224,11650652,양재2동,147,2,16,,,11,,1,2,1,,,1,,,,,,1,57
20224,11680565,청담동,288,11,19,,4,27,2,2,1,1,1,,,,,,,,3,23
20224,11710562,방이2동,164,3,5,,,18,,1,1,,,,,,,,,,1,13
20224,11710520,풍납2동,125,5,5,1,,26,2,2,3,1,3,,,,,,,,1,24
20224,11740550,고덕1동,92,3,,,,4,1,2,1,1,,,,,,,,,1,26
20224,11740660,성내3동,136,4,5,,,13,2,,,,2,,,,,,,,1,13
20231,11110680,창신2동,38,2,1,,,5,,,,,,,,,,,,,,
20231,11110530,사직동,206,18,24,,,15,,1,,1,1,,,3,,,,,2,34
20232,11290620,정릉1동,63,2,,,,6,2,,,,1,,,,,,,,,19
20232,11290685,길음2동,112,5,,,3,14,,,,,,,,,,,,,,23
20232,11110680,창신2동,38,2,1,,,5,,,,,,,,,,,,,,
20232,11290725,월곡2동,135,6,4,,,12,2,,1,,12,,,,,,,,2,34
20232,11290770,장위2동,89,3,2,,,11,1,3,,,,,,,,,,,1,27
20232,11215850,구의1동,77,2,4,,,9,1,,1,1,,,,,,,,,1,16
20232,11230545,제기동,288,4,5,,1,22,2,2,2,1,1,,3,,14,,,,1,30
20232,11230610,답십리2동,108,3,2,,2,13,3,1,,,,,3,,,,,,,19
20232,11230650,장안1동,192,5,11,,4,26,2,2,2,,,,,,,,,,1,43
20232,11305660,인수동,175,13,2,1,2,14,2,2,2,,5,,1,,,,,,,57
20232,11170555,청파동,128,7,2,,1,11,,2,2,4,22,,1,,1,,,,,35
20232,11215740,중곡1동,74,2,,,,10,1,,,,,,1,,,,,,,19
20232,11260540,면목4동,61,2,,,,5,1,1,1,,,,,,,,,,1,15
20232,11260680,신내1동,160,3,2,1,,13,2,2,,,,,,,,,,,1,53
20232,11320681,쌍문4동,64,1,,,,4,5,2,2,3,,,,,,,,,,23
20232,11380580,응암1동,133,5,5,,1,20,1,1,1,1,,,,,,,,,,27
20232,11380590,응암2동,91,3,1,,1,10,2,1,,,,,,,,,,,,37
20232,11380690,진관동,242,6,6,,,22,6,6,2,4,,,,1,,,,,1,81
20232,11410620,홍제1동,135,3,2,,,10,2,2,,,1,,,,1,,,,1,40
20232,11410655,홍제2동,56,1,,,,6,3,,,,,,,,1,,,,,15
20232,11410690,남가좌1동,94,2,3,,1,9,,1,,,,,1,,1,,,,1,20
20232,11410700,남가좌2동,117,4,4,,,12,4,1,1,,8,,,,,,,,,24
20232,11440585,도화동,144,4,7,,,15,2,1,,,,,,1,1,,,,1,38
20232,11470520,목2동,97,3,2,,1,13,3,1,,,,,,,1,,,,1,18
20232,11320660,쌍문1동,126,6,1,,1,4,1,3,,1,17,,,,,,,,,54
20232,11320670,쌍문2동,87,3,1,,1,10,1,1,1,,,,,,2,,,,,19
20232,11500604,가양2동,75,4,3,,,7,3,1,1,1,,,,,,,,,1,14
